work_order,registration,date_opened,date_closed,ata_code,problem,action,cluster_id,cluster_name
WKO100001,N450MX,2021-08-17,2021-08-17,7300,Inspection found baffle rivet holes worn.,Technician repaired rivet holes. Operational check satisfactory.,c_7,baffle rivet issue
WKO100002,N102TX,2024-01-22,2024-01-22,7200,Pilot reported baffle panel rivets during ground operation.,Maintenance action completed: secured baffle panel. Returned to service.,c_7,baffle rivet issue
WKO100003,N450MX,2023-11-01,2023-11-05,7100,Aircraft log notes intake gasket leak after previous flight.,Maintenance action completed: installed new gasket. Returned to service.,c_28,intake gasket leak/damage
WKO100004,N603GL,2022-07-24,2022-07-24,7400,Inspection found baffle bolt loose.,Maintenance action completed: secured baffle with correct bolt. Returned to service.,c_2,baffle bolt issue
WKO100005,N204AF,2022-11-21,2022-11-21,7400,Maintenance discrepancy: baffle spring missing.,Removed affected hardware and secured spring hardware. System checked normal.,c_10,baffle spring issue
WKO100006,N204AF,2021-03-30,2021-04-04,7500,Pilot reported rocker gasket damaged during ground operation.,Removed affected hardware and performed leak check. System checked normal.,c_37,rocker cover loose/leak/damage
WKO100007,N204AF,2023-01-11,2023-01-15,7200,Inspection found valve cover loose.,Corrective action: replaced damaged cover. Leak/run-up check completed as applicable.,c_37,rocker cover loose/leak/damage
WKO100008,N808VA,2022-04-22,2022-04-22,7400,Inspection found fuel servo adjustment.,Corrective action: performed engine run-up. Leak/run-up check completed as applicable.,c_22,engine idle/rpm issue
WKO100009,N204AF,2022-03-06,2022-03-11,7100,Inspection found oil seep near rocker cover.,Removed affected hardware and replaced damaged cover. System checked normal.,c_37,rocker cover loose/leak/damage
WKO100010,N517PA,2022-05-17,2022-05-18,7100,Inspection found rivet pulled from baffle.,Corrective action: secured baffle panel. Leak/run-up check completed as applicable.,c_7,baffle rivet issue
WKO100011,N711QW,2021-04-25,2021-04-26,7400,Pilot reported baffle spring missing during ground operation.,Maintenance action completed: reattached spring to baffle. Returned to service.,c_10,baffle spring issue
WKO100012,N711QW,2022-10-07,2022-10-08,7500,Inspection found tie rod chafing baffle.,Corrective action: adjusted tie rod tension. Leak/run-up check completed as applicable.,c_11,baffle tie rod issue
WKO100013,N517PA,2022-05-21,2022-05-26,7100,Aircraft log notes air leak near intake after previous flight.,Removed affected hardware and installed new gasket. System checked normal.,c_28,intake gasket leak/damage
WKO100014,N808VA,2023-01-12,2023-01-13,7200,Pilot reported baffle bolt loose during ground operation.,Technician torqued baffle hardware. Operational check satisfactory.,c_2,baffle bolt issue
WKO100015,N204AF,2021-11-24,2021-11-29,7500,Aircraft log notes intake manifold gasket after previous flight.,Removed affected hardware and installed new gasket. System checked normal.,c_28,intake gasket leak/damage
WKO100016,N204AF,2023-12-20,2023-12-22,7100,Maintenance discrepancy: baffle attach bolt.,Corrective action: installed new baffle bolt. Leak/run-up check completed as applicable.,c_2,baffle bolt issue
WKO100017,N102TX,2022-08-25,2022-08-28,7400,Technician observed high rpm during run-up check.,Maintenance action completed: verified rpm within limits. Returned to service.,c_22,engine idle/rpm issue
WKO100018,N450MX,2021-08-06,2021-08-11,7300,Maintenance discrepancy: tie rod disconnected from baffle.,Maintenance action completed: replaced tie rod hardware. Returned to service.,c_11,baffle tie rod issue
WKO100019,N808VA,2023-12-23,2023-12-23,7200,Pilot reported baffle rod hardware during ground operation.,Corrective action: secured tie rod. Leak/run-up check completed as applicable.,c_11,baffle tie rod issue
WKO100020,N204AF,2022-09-22,2022-09-23,7200,Aircraft log notes baffle spring missing after previous flight.,Technician replaced broken spring. Operational check satisfactory.,c_10,baffle spring issue
WKO100021,N319RT,2023-12-27,2023-12-28,7400,Technician observed baffle spring weak during run-up check.,Removed affected hardware and secured spring hardware. System checked normal.,c_10,baffle spring issue
WKO100022,N517PA,2022-03-10,2022-03-14,7500,Maintenance discrepancy: baffle hardware bolt.,Performed inspection and tightened baffle bolt. No further defects noted.,c_2,baffle bolt issue
WKO100023,N204AF,2023-07-14,2023-07-14,7400,Pilot reported baffle tie rod loose during ground operation.,Removed affected hardware and installed missing tie rod. System checked normal.,c_11,baffle tie rod issue
WKO100024,N204AF,2022-04-17,2022-04-21,7200,Inspection found baffle tie rod loose.,Technician replaced baffle tie rod. Operational check satisfactory.,c_11,baffle tie rod issue
WKO100025,N517PA,2022-11-08,2022-11-08,7500,Inspection found throttle idle stop.,Removed affected hardware and removed and replaced fuel servo. System checked normal.,c_22,engine idle/rpm issue
WKO100026,N808VA,2024-03-15,2024-03-19,7500,Inspection found intake manifold gasket.,Technician resealed intake. Operational check satisfactory.,c_28,intake gasket leak/damage
WKO100027,N808VA,2023-06-02,2023-06-04,7200,Pilot reported fuel servo adjustment during ground operation.,Technician verified rpm within limits. Operational check satisfactory.,c_22,engine idle/rpm issue
WKO100028,N450MX,2022-11-26,2022-11-26,7100,Aircraft log notes baffle bolt loose after previous flight.,Maintenance action completed: tightened baffle bolt. Returned to service.,c_2,baffle bolt issue
WKO100029,N204AF,2022-01-11,2022-01-13,7500,Technician observed bolt securing baffle during run-up check.,Technician tightened baffle bolt. Operational check satisfactory.,c_2,baffle bolt issue
WKO100030,N319RT,2024-01-13,2024-01-13,7500,Aircraft log notes low rpm after previous flight.,Performed inspection and removed and replaced fuel servo. No further defects noted.,c_22,engine idle/rpm issue
WKO100031,N102TX,2023-04-02,2023-04-02,7500,Maintenance discrepancy: induction leak.,Performed inspection and performed leak check. No further defects noted.,c_28,intake gasket leak/damage
WKO100032,N808VA,2023-05-17,2023-05-22,7300,Inspection found cover cracked.,Corrective action: performed leak check. Leak/run-up check completed as applicable.,c_37,rocker cover loose/leak/damage
WKO100033,N102TX,2021-04-30,2021-05-04,7400,Pilot reported intake flange seep during ground operation.,Technician installed new gasket. Operational check satisfactory.,c_28,intake gasket leak/damage
WKO100034,N102TX,2023-09-04,2023-09-08,7100,Pilot reported baffle rod hardware during ground operation.,Maintenance action completed: installed missing tie rod. Returned to service.,c_11,baffle tie rod issue
WKO100035,N204AF,2021-05-20,2021-05-25,7100,Inspection found idle override.,Removed affected hardware and verified rpm within limits. System checked normal.,c_22,engine idle/rpm issue
WKO100036,N603GL,2021-03-23,2021-03-27,7400,Inspection found baffle tie rod missing.,Corrective action: adjusted tie rod tension. Leak/run-up check completed as applicable.,c_11,baffle tie rod issue
WKO100037,N517PA,2022-06-28,2022-07-01,7500,Maintenance discrepancy: induction leak.,Technician verified roughness corrected. Operational check satisfactory.,c_28,intake gasket leak/damage
WKO100038,N204AF,2023-07-28,2023-08-01,7100,Inspection found rpm instability.,Removed affected hardware and adjusted idle setting. System checked normal.,c_22,engine idle/rpm issue
WKO100039,N603GL,2021-09-29,2021-10-01,7400,Inspection found rocker cover leak.,Performed inspection and replaced rocker cover gasket. No further defects noted.,c_37,rocker cover loose/leak/damage
WKO100040,N102TX,2024-01-18,2024-01-23,7100,Maintenance discrepancy: spring detached from baffle.,Technician verified baffle seal tension. Operational check satisfactory.,c_10,baffle spring issue
WKO100041,N319RT,2022-06-26,2022-06-26,7400,Maintenance discrepancy: intake gasket leak.,Removed affected hardware and verified roughness corrected. System checked normal.,c_28,intake gasket leak/damage
WKO100042,N517PA,2022-12-04,2022-12-05,7100,Aircraft log notes intake flange seep after previous flight.,Corrective action: verified roughness corrected. Leak/run-up check completed as applicable.,c_28,intake gasket leak/damage
WKO100043,N517PA,2021-04-15,2021-04-15,7200,Pilot reported spring hardware missing during ground operation.,Corrective action: secured spring hardware. Leak/run-up check completed as applicable.,c_10,baffle spring issue
WKO100044,N808VA,2021-09-25,2021-09-30,7100,Aircraft log notes spring detached from baffle after previous flight.,Removed affected hardware and replaced broken spring. System checked normal.,c_10,baffle spring issue
WKO100045,N102TX,2021-08-18,2021-08-18,7400,Technician observed high rpm during run-up check.,Removed affected hardware and adjusted throttle linkage. System checked normal.,c_22,engine idle/rpm issue
WKO100046,N603GL,2023-05-31,2023-06-01,7200,Maintenance discrepancy: intake gasket leak.,Maintenance action completed: torqued intake flange. Returned to service.,c_28,intake gasket leak/damage
WKO100047,N711QW,2022-05-27,2022-06-01,7100,Inspection found baffle rivet missing.,Maintenance action completed: repaired rivet holes. Returned to service.,c_7,baffle rivet issue
WKO100048,N319RT,2021-11-29,2021-11-30,7400,Aircraft log notes baffle seal spring after previous flight.,Maintenance action completed: installed baffle spring. Returned to service.,c_10,baffle spring issue
WKO100049,N102TX,2021-11-23,2021-11-28,7500,Inspection found rocker cover leak.,Maintenance action completed: cleaned oil residue. Returned to service.,c_37,rocker cover loose/leak/damage
WKO100050,N450MX,2023-08-01,2023-08-03,7200,Inspection found spring detached from baffle.,Performed inspection and replaced broken spring. No further defects noted.,c_10,baffle spring issue
WKO100051,N711QW,2022-07-25,2022-07-25,7100,Maintenance discrepancy: oil seep near rocker cover.,Technician resealed valve cover. Operational check satisfactory.,c_37,rocker cover loose/leak/damage
WKO100052,N102TX,2022-06-19,2022-06-20,7200,Technician observed rpm instability during run-up check.,Performed inspection and performed engine run-up. No further defects noted.,c_22,engine idle/rpm issue
WKO100053,N204AF,2022-10-05,2022-10-08,7500,Technician observed cover screw loose during run-up check.,Maintenance action completed: performed leak check. Returned to service.,c_37,rocker cover loose/leak/damage
WKO100054,N450MX,2021-04-01,2021-04-06,7400,Aircraft log notes rocker gasket damaged after previous flight.,Technician tightened rocker cover. Operational check satisfactory.,c_37,rocker cover loose/leak/damage
WKO100055,N517PA,2022-11-08,2022-11-12,7100,Maintenance discrepancy: damaged baffle rivet.,Performed inspection and installed new rivets. No further defects noted.,c_7,baffle rivet issue
WKO100056,N319RT,2023-04-05,2023-04-10,7300,Aircraft log notes oil seep near rocker cover after previous flight.,Performed inspection and performed leak check. No further defects noted.,c_37,rocker cover loose/leak/damage
WKO100057,N711QW,2021-12-23,2021-12-27,7100,Pilot reported baffle panel rivets during ground operation.,Corrective action: repaired rivet holes. Leak/run-up check completed as applicable.,c_7,baffle rivet issue
WKO100058,N603GL,2022-03-07,2022-03-10,7500,Aircraft log notes cover screw loose after previous flight.,Performed inspection and performed leak check. No further defects noted.,c_37,rocker cover loose/leak/damage
WKO100059,N204AF,2022-03-14,2022-03-18,7400,Technician observed rivet pulled from baffle during run-up check.,Removed affected hardware and replaced loose baffle rivets. System checked normal.,c_7,baffle rivet issue
WKO100060,N450MX,2021-07-11,2021-07-12,7300,Inspection found cover cracked.,Technician resealed valve cover. Operational check satisfactory.,c_37,rocker cover loose/leak/damage
WKO100061,N808VA,2022-05-17,2022-05-20,7500,Technician observed rpm instability during run-up check.,Maintenance action completed: adjusted idle setting. Returned to service.,c_22,engine idle/rpm issue
WKO100062,N319RT,2023-02-26,2023-03-01,7200,Pilot reported rivet pulled from baffle during ground operation.,Performed inspection and replaced loose baffle rivets. No further defects noted.,c_7,baffle rivet issue
WKO100063,N102TX,2021-12-27,2022-01-01,7100,Inspection found air leak near intake.,Technician performed leak check. Operational check satisfactory.,c_28,intake gasket leak/damage
WKO100064,N603GL,2021-10-01,2021-10-04,7500,Technician observed baffle hardware bolt during run-up check.,Removed affected hardware and torqued baffle hardware. System checked normal.,c_2,baffle bolt issue
WKO100065,N808VA,2024-01-28,2024-01-31,7400,Inspection found baffle bolt loose.,Corrective action: secured baffle with correct bolt. Leak/run-up check completed as applicable.,c_2,baffle bolt issue
WKO100066,N517PA,2023-12-04,2023-12-07,7500,Pilot reported spring hardware missing during ground operation.,Corrective action: replaced broken spring. Leak/run-up check completed as applicable.,c_10,baffle spring issue
WKO100067,N204AF,2022-07-11,2022-07-13,7300,Inspection found rough running due to intake leak.,Maintenance action completed: installed new gasket. Returned to service.,c_28,intake gasket leak/damage
WKO100068,N711QW,2021-11-09,2021-11-14,7500,Maintenance discrepancy: baffle bolt loose.,Removed affected hardware and installed new baffle bolt. System checked normal.,c_2,baffle bolt issue
WKO100069,N711QW,2023-05-02,2023-05-02,7100,Pilot reported baffle bolt loose during ground operation.,Removed affected hardware and secured baffle with correct bolt. System checked normal.,c_2,baffle bolt issue
WKO100070,N711QW,2023-09-04,2023-09-04,7500,Technician observed damaged baffle bolt during run-up check.,Removed affected hardware and replaced damaged bolt. System checked normal.,c_2,baffle bolt issue
WKO100071,N711QW,2022-03-28,2022-03-31,7500,Pilot reported baffle spring weak during ground operation.,Performed inspection and reattached spring to baffle. No further defects noted.,c_10,baffle spring issue
WKO100072,N319RT,2023-04-09,2023-04-14,7100,Technician observed valve cover loose during run-up check.,Technician cleaned oil residue. Operational check satisfactory.,c_37,rocker cover loose/leak/damage
WKO100073,N711QW,2024-03-01,2024-03-06,7300,Aircraft log notes baffle bolt missing after previous flight.,Maintenance action completed: installed new baffle bolt. Returned to service.,c_2,baffle bolt issue
WKO100074,N808VA,2022-06-17,2022-06-20,7400,Maintenance discrepancy: idle adjustment.,Performed inspection and removed and replaced fuel servo. No further defects noted.,c_22,engine idle/rpm issue
WKO100075,N102TX,2023-05-14,2023-05-16,7100,Pilot reported rocker cover leak during ground operation.,Corrective action: cleaned oil residue. Leak/run-up check completed as applicable.,c_37,rocker cover loose/leak/damage
WKO100076,N450MX,2021-05-21,2021-05-26,7300,Pilot reported intake gasket leak during ground operation.,Removed affected hardware and removed and replaced intake gasket. System checked normal.,c_28,intake gasket leak/damage
WKO100077,N204AF,2022-05-04,2022-05-05,7100,Inspection found intake manifold gasket.,Performed inspection and verified roughness corrected. No further defects noted.,c_28,intake gasket leak/damage
WKO100078,N204AF,2022-06-09,2022-06-11,7300,Maintenance discrepancy: loose baffle rivet.,Technician reattached baffle with rivets. Operational check satisfactory.,c_7,baffle rivet issue
WKO100079,N711QW,2021-02-22,2021-02-24,7300,Pilot reported baffle rod hardware during ground operation.,Removed affected hardware and adjusted tie rod tension. System checked normal.,c_11,baffle tie rod issue
WKO100080,N204AF,2022-05-13,2022-05-13,7100,Pilot reported baffle rivet holes worn during ground operation.,Corrective action: repaired rivet holes. Leak/run-up check completed as applicable.,c_7,baffle rivet issue
WKO100081,N603GL,2023-05-28,2023-06-02,7200,Aircraft log notes tie rod disconnected from baffle after previous flight.,Performed inspection and replaced baffle tie rod. No further defects noted.,c_11,baffle tie rod issue
WKO100082,N319RT,2023-06-07,2023-06-09,7500,Inspection found run-up normal.,Removed affected hardware and cleaned idle circuit. System checked normal.,c_22,engine idle/rpm issue
WKO100083,N808VA,2022-07-08,2022-07-12,7500,Technician observed baffle panel rivets during run-up check.,Corrective action: secured baffle panel. Leak/run-up check completed as applicable.,c_7,baffle rivet issue
WKO100084,N450MX,2022-05-18,2022-05-18,7500,Technician observed oil seep near rocker cover during run-up check.,Removed affected hardware and cleaned oil residue. System checked normal.,c_37,rocker cover loose/leak/damage
WKO100085,N603GL,2023-02-16,2023-02-18,7300,Aircraft log notes baffle rivet missing after previous flight.,Maintenance action completed: secured baffle panel. Returned to service.,c_7,baffle rivet issue
WKO100086,N517PA,2022-06-14,2022-06-16,7100,Pilot reported oil seep near rocker cover during ground operation.,Removed affected hardware and performed leak check. System checked normal.,c_37,rocker cover loose/leak/damage
WKO100087,N808VA,2021-06-25,2021-06-26,7100,Inspection found intake flange seep.,Performed inspection and performed leak check. No further defects noted.,c_28,intake gasket leak/damage
WKO100088,N517PA,2023-10-03,2023-10-06,7300,Aircraft log notes baffle rivet missing after previous flight.,Maintenance action completed: installed new rivets. Returned to service.,c_7,baffle rivet issue
WKO100089,N603GL,2024-04-06,2024-04-08,7500,Technician observed rocker gasket damaged during run-up check.,Corrective action: performed leak check. Leak/run-up check completed as applicable.,c_37,rocker cover loose/leak/damage
WKO100090,N450MX,2023-07-19,2023-07-21,7200,Inspection found oil seep near rocker cover.,Corrective action: resealed valve cover. Leak/run-up check completed as applicable.,c_37,rocker cover loose/leak/damage
WKO100091,N450MX,2024-01-03,2024-01-08,7500,Maintenance discrepancy: high rpm.,Removed affected hardware and removed and replaced fuel servo. System checked normal.,c_22,engine idle/rpm issue
WKO100092,N450MX,2023-12-11,2023-12-15,7400,Inspection found spring detached from baffle.,Corrective action: installed baffle spring. Leak/run-up check completed as applicable.,c_10,baffle spring issue
WKO100093,N319RT,2022-09-12,2022-09-12,7400,Pilot reported intake flange seep during ground operation.,Technician installed new gasket. Operational check satisfactory.,c_28,intake gasket leak/damage
WKO100094,N204AF,2022-08-22,2022-08-27,7200,Technician observed baffle tie rod loose during run-up check.,Corrective action: adjusted tie rod tension. Leak/run-up check completed as applicable.,c_11,baffle tie rod issue
WKO100095,N102TX,2023-09-08,2023-09-11,7400,Aircraft log notes damaged baffle bolt after previous flight.,Technician tightened baffle bolt. Operational check satisfactory.,c_2,baffle bolt issue
WKO100096,N102TX,2021-05-14,2021-05-17,7300,Inspection found baffle seal spring.,Removed affected hardware and installed baffle spring. System checked normal.,c_10,baffle spring issue
WKO100097,N711QW,2021-06-24,2021-06-25,7100,Technician observed rocker cover leak during run-up check.,Removed affected hardware and performed leak check. System checked normal.,c_37,rocker cover loose/leak/damage
WKO100098,N517PA,2023-12-07,2023-12-10,7100,Aircraft log notes intake manifold gasket after previous flight.,Corrective action: performed leak check. Leak/run-up check completed as applicable.,c_28,intake gasket leak/damage
WKO100099,N450MX,2021-05-04,2021-05-08,7300,Maintenance discrepancy: tie rod chafing baffle.,Technician replaced baffle tie rod. Operational check satisfactory.,c_11,baffle tie rod issue
WKO100100,N319RT,2022-05-07,2022-05-08,7200,Aircraft log notes air leak near intake after previous flight.,Performed inspection and removed and replaced intake gasket. No further defects noted.,c_28,intake gasket leak/damage
WKO100101,N517PA,2023-08-21,2023-08-23,7400,Aircraft log notes baffle rivet missing after previous flight.,Technician replaced loose baffle rivets. Operational check satisfactory.,c_7,baffle rivet issue
WKO100102,N450MX,2022-04-24,2022-04-26,7500,Pilot reported baffle rivet holes worn during ground operation.,Removed affected hardware and reattached baffle with rivets. System checked normal.,c_7,baffle rivet issue
WKO100103,N102TX,2021-11-02,2021-11-04,7300,Maintenance discrepancy: induction leak.,Removed affected hardware and removed and replaced intake gasket. System checked normal.,c_28,intake gasket leak/damage
WKO100104,N808VA,2024-03-11,2024-03-13,7400,Aircraft log notes rivet pulled from baffle after previous flight.,Corrective action: installed new rivets. Leak/run-up check completed as applicable.,c_7,baffle rivet issue
WKO100105,N102TX,2024-01-11,2024-01-14,7500,Maintenance discrepancy: damaged baffle tie rod.,Removed affected hardware and replaced baffle tie rod. System checked normal.,c_11,baffle tie rod issue
WKO100106,N102TX,2021-02-22,2021-02-22,7400,Technician observed valve cover loose during run-up check.,Technician replaced damaged cover. Operational check satisfactory.,c_37,rocker cover loose/leak/damage
WKO100107,N517PA,2021-12-25,2021-12-28,7300,Technician observed broken baffle spring during run-up check.,Performed inspection and secured spring hardware. No further defects noted.,c_10,baffle spring issue
WKO100108,N711QW,2023-10-05,2023-10-05,7400,Maintenance discrepancy: rivet pulled from baffle.,Technician repaired rivet holes. Operational check satisfactory.,c_7,baffle rivet issue
WKO100109,N517PA,2021-11-26,2021-11-28,7500,Technician observed baffle seal spring during run-up check.,Technician secured spring hardware. Operational check satisfactory.,c_10,baffle spring issue
WKO100110,N204AF,2021-06-30,2021-07-02,7500,Technician observed damaged baffle bolt during run-up check.,Technician replaced damaged bolt. Operational check satisfactory.,c_2,baffle bolt issue
WKO100111,N450MX,2024-01-17,2024-01-20,7100,Maintenance discrepancy: rivet pulled from baffle.,Removed affected hardware and installed new rivets. System checked normal.,c_7,baffle rivet issue
WKO100112,N450MX,2023-10-18,2023-10-23,7400,Technician observed baffle seal spring during run-up check.,Maintenance action completed: installed baffle spring. Returned to service.,c_10,baffle spring issue
WKO100113,N102TX,2023-06-17,2023-06-22,7100,Inspection found rocker gasket damaged.,Maintenance action completed: tightened rocker cover. Returned to service.,c_37,rocker cover loose/leak/damage
WKO100114,N204AF,2024-02-03,2024-02-03,7300,Pilot reported cover screw loose during ground operation.,Performed inspection and cleaned oil residue. No further defects noted.,c_37,rocker cover loose/leak/damage
WKO100115,N517PA,2021-11-12,2021-11-15,7500,Aircraft log notes engine dies at idle after previous flight.,Performed inspection and adjusted throttle linkage. No further defects noted.,c_22,engine idle/rpm issue
WKO100116,N450MX,2023-07-25,2023-07-29,7100,Technician observed induction leak during run-up check.,Maintenance action completed: performed leak check. Returned to service.,c_28,intake gasket leak/damage
WKO100117,N517PA,2021-05-23,2021-05-25,7200,Maintenance discrepancy: baffle seal spring.,Corrective action: reattached spring to baffle. Leak/run-up check completed as applicable.,c_10,baffle spring issue
WKO100118,N808VA,2024-04-02,2024-04-07,7100,Aircraft log notes baffle seal spring after previous flight.,Corrective action: replaced broken spring. Leak/run-up check completed as applicable.,c_10,baffle spring issue
WKO100119,N603GL,2024-02-05,2024-02-09,7300,Inspection found rocker gasket damaged.,Removed affected hardware and cleaned oil residue. System checked normal.,c_37,rocker cover loose/leak/damage
WKO100120,N808VA,2022-04-24,2022-04-27,7500,Aircraft log notes baffle bolt missing after previous flight.,Maintenance action completed: replaced damaged bolt. Returned to service.,c_2,baffle bolt issue
WKO100121,N603GL,2021-03-17,2021-03-18,7200,Aircraft log notes baffle attach bolt after previous flight.,Technician torqued baffle hardware. Operational check satisfactory.,c_2,baffle bolt issue
WKO100122,N711QW,2023-07-25,2023-07-25,7300,Pilot reported tie rod chafing baffle during ground operation.,Performed inspection and installed missing tie rod. No further defects noted.,c_11,baffle tie rod issue
WKO100123,N204AF,2022-06-27,2022-06-29,7400,Technician observed broken baffle spring during run-up check.,Performed inspection and secured spring hardware. No further defects noted.,c_10,baffle spring issue
WKO100124,N204AF,2023-09-27,2023-10-01,7300,Maintenance discrepancy: rocker cover leak.,Maintenance action completed: performed leak check. Returned to service.,c_37,rocker cover loose/leak/damage
WKO100125,N808VA,2021-07-05,2021-07-08,7300,Maintenance discrepancy: baffle rivet missing.,Technician installed new rivets. Operational check satisfactory.,c_7,baffle rivet issue
WKO100126,N603GL,2022-10-27,2022-10-27,7500,Inspection found engine dies at idle.,Maintenance action completed: performed engine run-up. Returned to service.,c_22,engine idle/rpm issue
WKO100127,N319RT,2023-04-24,2023-04-28,7300,Pilot reported tie rod chafing baffle during ground operation.,Removed affected hardware and installed missing tie rod. System checked normal.,c_11,baffle tie rod issue
WKO100128,N808VA,2023-02-23,2023-02-27,7100,Inspection found spring hardware missing.,Maintenance action completed: replaced broken spring. Returned to service.,c_10,baffle spring issue
WKO100129,N808VA,2022-06-05,2022-06-08,7400,Technician observed damaged baffle bolt during run-up check.,Maintenance action completed: installed new baffle bolt. Returned to service.,c_2,baffle bolt issue
WKO100130,N711QW,2023-06-24,2023-06-26,7400,Aircraft log notes rpm instability after previous flight.,Corrective action: performed engine run-up. Leak/run-up check completed as applicable.,c_22,engine idle/rpm issue
WKO100131,N711QW,2023-02-27,2023-03-02,7100,Maintenance discrepancy: intake gasket leak.,Removed affected hardware and resealed intake. System checked normal.,c_28,intake gasket leak/damage
WKO100132,N517PA,2022-08-28,2022-08-28,7200,Technician observed cover cracked during run-up check.,Technician cleaned oil residue. Operational check satisfactory.,c_37,rocker cover loose/leak/damage
WKO100133,N603GL,2023-10-15,2023-10-17,7300,Inspection found baffle tie rod loose.,Removed affected hardware and replaced tie rod hardware. System checked normal.,c_11,baffle tie rod issue
WKO100134,N102TX,2021-10-08,2021-10-13,7400,Aircraft log notes rocker cover leak after previous flight.,Technician replaced damaged cover. Operational check satisfactory.,c_37,rocker cover loose/leak/damage
WKO100135,N517PA,2023-01-18,2023-01-23,7400,Aircraft log notes baffle tie rod loose after previous flight.,Maintenance action completed: replaced baffle tie rod. Returned to service.,c_11,baffle tie rod issue
WKO100136,N517PA,2021-09-28,2021-10-02,7300,Maintenance discrepancy: rough running due to intake leak.,Performed inspection and installed new gasket. No further defects noted.,c_28,intake gasket leak/damage
WKO100137,N808VA,2022-08-28,2022-09-02,7200,Inspection found spring detached from baffle.,Maintenance action completed: installed baffle spring. Returned to service.,c_10,baffle spring issue
WKO100138,N711QW,2023-03-25,2023-03-29,7200,Maintenance discrepancy: spring detached from baffle.,Removed affected hardware and installed baffle spring. System checked normal.,c_10,baffle spring issue
WKO100139,N711QW,2023-07-21,2023-07-23,7400,Pilot reported engine dies at idle during ground operation.,Maintenance action completed: adjusted throttle linkage. Returned to service.,c_22,engine idle/rpm issue
WKO100140,N450MX,2021-02-21,2021-02-25,7200,Aircraft log notes baffle attach bolt after previous flight.,Corrective action: replaced damaged bolt. Leak/run-up check completed as applicable.,c_2,baffle bolt issue
WKO100141,N102TX,2023-04-17,2023-04-17,7400,Aircraft log notes loose baffle rivet after previous flight.,Technician installed new rivets. Operational check satisfactory.,c_7,baffle rivet issue
WKO100142,N808VA,2022-04-26,2022-04-30,7400,Technician observed high rpm during run-up check.,Performed inspection and verified rpm within limits. No further defects noted.,c_22,engine idle/rpm issue
WKO100143,N808VA,2021-11-13,2021-11-16,7100,Aircraft log notes tie rod chafing baffle after previous flight.,Corrective action: replaced baffle tie rod. Leak/run-up check completed as applicable.,c_11,baffle tie rod issue
WKO100144,N450MX,2023-01-29,2023-01-30,7400,Pilot reported run-up normal during ground operation.,Corrective action: verified rpm within limits. Leak/run-up check completed as applicable.,c_22,engine idle/rpm issue
WKO100145,N450MX,2023-01-05,2023-01-05,7200,Aircraft log notes damaged baffle tie rod after previous flight.,Technician secured tie rod. Operational check satisfactory.,c_11,baffle tie rod issue
WKO100146,N102TX,2022-03-11,2022-03-16,7200,Maintenance discrepancy: baffle rivet holes worn.,Maintenance action completed: reattached baffle with rivets. Returned to service.,c_7,baffle rivet issue
WKO100147,N450MX,2024-03-02,2024-03-03,7100,Inspection found intake gasket leak.,Maintenance action completed: installed new gasket. Returned to service.,c_28,intake gasket leak/damage
WKO100148,N319RT,2021-10-30,2021-11-03,7300,Technician observed rocker cover leak during run-up check.,Corrective action: resealed valve cover. Leak/run-up check completed as applicable.,c_37,rocker cover loose/leak/damage
WKO100149,N319RT,2021-12-24,2021-12-24,7200,Maintenance discrepancy: spring hardware missing.,Maintenance action completed: installed baffle spring. Returned to service.,c_10,baffle spring issue
WKO100150,N102TX,2022-10-26,2022-10-26,7300,Aircraft log notes baffle tie rod loose after previous flight.,Removed affected hardware and secured tie rod. System checked normal.,c_11,baffle tie rod issue
WKO100151,N204AF,2021-05-11,2021-05-14,7500,Technician observed run-up normal during run-up check.,Maintenance action completed: performed engine run-up. Returned to service.,c_22,engine idle/rpm issue
WKO100152,N517PA,2021-03-30,2021-04-04,7500,Pilot reported tie rod chafing baffle during ground operation.,Technician replaced tie rod hardware. Operational check satisfactory.,c_11,baffle tie rod issue
WKO100153,N808VA,2023-04-03,2023-04-06,7500,Pilot reported baffle hardware bolt during ground operation.,Technician installed new baffle bolt. Operational check satisfactory.,c_2,baffle bolt issue
WKO100154,N603GL,2021-10-31,2021-10-31,7500,Technician observed valve cover loose during run-up check.,Removed affected hardware and resealed valve cover. System checked normal.,c_37,rocker cover loose/leak/damage
WKO100155,N204AF,2023-07-19,2023-07-23,7200,Technician observed cover screw loose during run-up check.,Maintenance action completed: cleaned oil residue. Returned to service.,c_37,rocker cover loose/leak/damage
WKO100156,N808VA,2023-07-14,2023-07-15,7500,Aircraft log notes bolt securing baffle after previous flight.,Technician replaced damaged bolt. Operational check satisfactory.,c_2,baffle bolt issue
WKO100157,N603GL,2023-05-25,2023-05-27,7300,Aircraft log notes cover cracked after previous flight.,Technician resealed valve cover. Operational check satisfactory.,c_37,rocker cover loose/leak/damage
WKO100158,N603GL,2021-06-24,2021-06-24,7300,Technician observed fuel servo adjustment during run-up check.,Technician adjusted idle setting. Operational check satisfactory.,c_22,engine idle/rpm issue
WKO100159,N711QW,2024-02-25,2024-02-29,7400,Aircraft log notes tie rod disconnected from baffle after previous flight.,Technician replaced baffle tie rod. Operational check satisfactory.,c_11,baffle tie rod issue
WKO100160,N450MX,2022-10-02,2022-10-04,7300,Aircraft log notes rocker cover leak after previous flight.,Maintenance action completed: performed leak check. Returned to service.,c_37,rocker cover loose/leak/damage
WKO100161,N204AF,2021-08-10,2021-08-12,7400,Technician observed broken baffle spring during run-up check.,Maintenance action completed: reattached spring to baffle. Returned to service.,c_10,baffle spring issue
WKO100162,N102TX,2023-05-29,2023-06-02,7100,Maintenance discrepancy: broken baffle spring.,Technician verified baffle seal tension. Operational check satisfactory.,c_10,baffle spring issue
WKO100163,N603GL,2022-07-14,2022-07-19,7200,Inspection found rough running due to intake leak.,Maintenance action completed: torqued intake flange. Returned to service.,c_28,intake gasket leak/damage
WKO100164,N204AF,2023-04-01,2023-04-01,7100,Inspection found baffle tie rod loose.,Performed inspection and replaced baffle tie rod. No further defects noted.,c_11,baffle tie rod issue
WKO100165,N517PA,2023-07-19,2023-07-21,7400,Technician observed baffle bolt loose during run-up check.,Removed affected hardware and replaced damaged bolt. System checked normal.,c_2,baffle bolt issue
WKO100166,N102TX,2021-04-18,2021-04-19,7200,Maintenance discrepancy: high rpm.,Performed inspection and adjusted throttle linkage. No further defects noted.,c_22,engine idle/rpm issue
WKO100167,N711QW,2023-05-19,2023-05-22,7400,Inspection found baffle panel rivets.,Removed affected hardware and secured baffle panel. System checked normal.,c_7,baffle rivet issue
WKO100168,N808VA,2022-12-08,2022-12-11,7100,Maintenance discrepancy: low rpm.,Technician performed engine run-up. Operational check satisfactory.,c_22,engine idle/rpm issue
WKO100169,N450MX,2023-03-21,2023-03-25,7400,Inspection found intake gasket leak.,Maintenance action completed: removed and replaced intake gasket. Returned to service.,c_28,intake gasket leak/damage
WKO100170,N102TX,2022-06-08,2022-06-10,7500,Aircraft log notes spring detached from baffle after previous flight.,Maintenance action completed: installed baffle spring. Returned to service.,c_10,baffle spring issue
WKO100171,N603GL,2023-02-18,2023-02-22,7200,Aircraft log notes intake flange seep after previous flight.,Technician resealed intake. Operational check satisfactory.,c_28,intake gasket leak/damage
WKO100172,N711QW,2021-02-08,2021-02-11,7100,Aircraft log notes baffle bolt missing after previous flight.,Performed inspection and replaced damaged bolt. No further defects noted.,c_2,baffle bolt issue
WKO100173,N319RT,2021-08-24,2021-08-27,7100,Aircraft log notes rocker cover leak after previous flight.,Corrective action: resealed valve cover. Leak/run-up check completed as applicable.,c_37,rocker cover loose/leak/damage
WKO100174,N711QW,2023-06-14,2023-06-14,7100,Pilot reported idle override during ground operation.,Performed inspection and verified rpm within limits. No further defects noted.,c_22,engine idle/rpm issue
WKO100175,N603GL,2022-09-28,2022-10-03,7300,Pilot reported spring detached from baffle during ground operation.,Removed affected hardware and replaced broken spring. System checked normal.,c_10,baffle spring issue
WKO100176,N603GL,2021-08-22,2021-08-26,7400,Inspection found baffle panel rivets.,Maintenance action completed: replaced loose baffle rivets. Returned to service.,c_7,baffle rivet issue
WKO100177,N319RT,2021-10-27,2021-10-29,7200,Inspection found idle override.,Performed inspection and removed and replaced fuel servo. No further defects noted.,c_22,engine idle/rpm issue
WKO100178,N603GL,2024-02-29,2024-03-04,7400,Inspection found bolt securing baffle.,Performed inspection and torqued baffle hardware. No further defects noted.,c_2,baffle bolt issue
WKO100179,N102TX,2023-08-19,2023-08-22,7400,Technician observed engine dies at idle during run-up check.,Technician performed engine run-up. Operational check satisfactory.,c_22,engine idle/rpm issue
WKO100180,N603GL,2023-08-04,2023-08-07,7400,Pilot reported rocker cover leak during ground operation.,Technician tightened rocker cover. Operational check satisfactory.,c_37,rocker cover loose/leak/damage
WKO100181,N102TX,2023-11-05,2023-11-08,7500,Technician observed damaged baffle tie rod during run-up check.,Maintenance action completed: replaced tie rod hardware. Returned to service.,c_11,baffle tie rod issue
WKO100182,N808VA,2023-09-02,2023-09-06,7200,Maintenance discrepancy: valve cover loose.,Technician tightened rocker cover. Operational check satisfactory.,c_37,rocker cover loose/leak/damage
WKO100183,N808VA,2021-12-20,2021-12-20,7100,Technician observed baffle tie rod loose during run-up check.,Removed affected hardware and adjusted tie rod tension. System checked normal.,c_11,baffle tie rod issue
WKO100184,N711QW,2023-01-16,2023-01-18,7400,Technician observed rough running due to intake leak during run-up check.,Technician performed leak check. Operational check satisfactory.,c_28,intake gasket leak/damage
WKO100185,N711QW,2022-11-17,2022-11-17,7400,Maintenance discrepancy: spring detached from baffle.,Removed affected hardware and installed baffle spring. System checked normal.,c_10,baffle spring issue
WKO100186,N319RT,2021-11-04,2021-11-06,7400,Maintenance discrepancy: baffle spring missing.,Performed inspection and verified baffle seal tension. No further defects noted.,c_10,baffle spring issue
WKO100187,N603GL,2021-06-23,2021-06-25,7300,Technician observed air leak near intake during run-up check.,Technician performed leak check. Operational check satisfactory.,c_28,intake gasket leak/damage
WKO100188,N603GL,2023-05-18,2023-05-22,7400,Inspection found damaged baffle rivet.,Maintenance action completed: installed new rivets. Returned to service.,c_7,baffle rivet issue
WKO100189,N319RT,2023-09-23,2023-09-24,7200,Maintenance discrepancy: valve cover loose.,Technician replaced rocker cover gasket. Operational check satisfactory.,c_37,rocker cover loose/leak/damage
WKO100190,N603GL,2024-01-11,2024-01-16,7100,Inspection found baffle rod hardware.,Removed affected hardware and replaced baffle tie rod. System checked normal.,c_11,baffle tie rod issue
WKO100191,N319RT,2021-11-12,2021-11-13,7500,Pilot reported baffle bolt loose during ground operation.,Performed inspection and torqued baffle hardware. No further defects noted.,c_2,baffle bolt issue
WKO100192,N808VA,2022-05-02,2022-05-05,7300,Technician observed cover screw loose during run-up check.,Maintenance action completed: resealed valve cover. Returned to service.,c_37,rocker cover loose/leak/damage
WKO100193,N808VA,2023-08-19,2023-08-20,7500,Maintenance discrepancy: oil seep near rocker cover.,Performed inspection and replaced damaged cover. No further defects noted.,c_37,rocker cover loose/leak/damage
WKO100194,N319RT,2023-12-17,2023-12-20,7400,Pilot reported baffle tie rod loose during ground operation.,Performed inspection and installed missing tie rod. No further defects noted.,c_11,baffle tie rod issue
WKO100195,N204AF,2023-01-31,2023-02-04,7400,Pilot reported baffle spring missing during ground operation.,Maintenance action completed: verified baffle seal tension. Returned to service.,c_10,baffle spring issue
WKO100196,N204AF,2023-07-10,2023-07-14,7300,Aircraft log notes valve cover loose after previous flight.,Corrective action: cleaned oil residue. Leak/run-up check completed as applicable.,c_37,rocker cover loose/leak/damage
WKO100197,N603GL,2023-04-30,2023-04-30,7300,Aircraft log notes fuel servo adjustment after previous flight.,Technician adjusted throttle linkage. Operational check satisfactory.,c_22,engine idle/rpm issue
WKO100198,N603GL,2022-04-05,2022-04-05,7300,Inspection found oil seep near rocker cover.,Technician tightened rocker cover. Operational check satisfactory.,c_37,rocker cover loose/leak/damage
WKO100199,N808VA,2023-08-26,2023-08-31,7500,Technician observed valve cover loose during run-up check.,Technician replaced damaged cover. Operational check satisfactory.,c_37,rocker cover loose/leak/damage
WKO100200,N711QW,2021-02-08,2021-02-10,7200,Maintenance discrepancy: idle override.,Maintenance action completed: removed and replaced fuel servo. Returned to service.,c_22,engine idle/rpm issue
WKO100201,N808VA,2021-09-07,2021-09-07,7200,Pilot reported valve cover loose during ground operation.,Performed inspection and cleaned oil residue. No further defects noted.,c_37,rocker cover loose/leak/damage
WKO100202,N450MX,2024-01-03,2024-01-03,7300,Maintenance discrepancy: tie rod chafing baffle.,Performed inspection and replaced tie rod hardware. No further defects noted.,c_11,baffle tie rod issue
WKO100203,N319RT,2022-12-24,2022-12-25,7200,Technician observed rpm instability during run-up check.,Corrective action: verified rpm within limits. Leak/run-up check completed as applicable.,c_22,engine idle/rpm issue
WKO100204,N102TX,2023-12-14,2023-12-18,7500,Aircraft log notes throttle idle stop after previous flight.,Technician adjusted throttle linkage. Operational check satisfactory.,c_22,engine idle/rpm issue
WKO100205,N603GL,2023-03-04,2023-03-06,7200,Maintenance discrepancy: damaged baffle rivet.,Maintenance action completed: installed new rivets. Returned to service.,c_7,baffle rivet issue
WKO100206,N319RT,2021-08-01,2021-08-05,7200,Maintenance discrepancy: baffle rivet holes worn.,Removed affected hardware and repaired rivet holes. System checked normal.,c_7,baffle rivet issue
WKO100207,N808VA,2021-12-25,2021-12-30,7300,Inspection found rocker gasket damaged.,Technician replaced damaged cover. Operational check satisfactory.,c_37,rocker cover loose/leak/damage
WKO100208,N102TX,2023-07-27,2023-07-27,7300,Pilot reported damaged baffle rivet during ground operation.,Corrective action: replaced loose baffle rivets. Leak/run-up check completed as applicable.,c_7,baffle rivet issue
WKO100209,N517PA,2023-11-22,2023-11-25,7200,Inspection found cover screw loose.,Corrective action: cleaned oil residue. Leak/run-up check completed as applicable.,c_37,rocker cover loose/leak/damage
WKO100210,N204AF,2021-04-08,2021-04-13,7400,Aircraft log notes oil seep near rocker cover after previous flight.,Performed inspection and resealed valve cover. No further defects noted.,c_37,rocker cover loose/leak/damage
WKO100211,N808VA,2023-06-20,2023-06-23,7500,Maintenance discrepancy: damaged baffle rivet.,Removed affected hardware and replaced loose baffle rivets. System checked normal.,c_7,baffle rivet issue
WKO100212,N711QW,2021-06-19,2021-06-24,7100,Inspection found rocker gasket damaged.,Removed affected hardware and tightened rocker cover. System checked normal.,c_37,rocker cover loose/leak/damage
WKO100213,N517PA,2022-10-20,2022-10-20,7400,Aircraft log notes rocker cover leak after previous flight.,Removed affected hardware and resealed valve cover. System checked normal.,c_37,rocker cover loose/leak/damage
WKO100214,N603GL,2023-05-23,2023-05-24,7500,Pilot reported baffle rivet holes worn during ground operation.,Corrective action: secured baffle panel. Leak/run-up check completed as applicable.,c_7,baffle rivet issue
WKO100215,N204AF,2023-06-10,2023-06-12,7500,Maintenance discrepancy: tie rod chafing baffle.,Removed affected hardware and replaced baffle tie rod. System checked normal.,c_11,baffle tie rod issue
WKO100216,N808VA,2021-11-24,2021-11-24,7200,Inspection found baffle spring weak.,Technician verified baffle seal tension. Operational check satisfactory.,c_10,baffle spring issue
WKO100217,N102TX,2023-01-21,2023-01-23,7100,Inspection found intake manifold gasket.,Performed inspection and installed new gasket. No further defects noted.,c_28,intake gasket leak/damage
WKO100218,N319RT,2023-02-01,2023-02-04,7100,Maintenance discrepancy: rocker cover leak.,Performed inspection and performed leak check. No further defects noted.,c_37,rocker cover loose/leak/damage
WKO100219,N319RT,2022-07-25,2022-07-26,7500,Technician observed rocker cover leak during run-up check.,Performed inspection and tightened rocker cover. No further defects noted.,c_37,rocker cover loose/leak/damage
WKO100220,N450MX,2021-08-30,2021-09-01,7100,Maintenance discrepancy: tie rod disconnected from baffle.,Performed inspection and adjusted tie rod tension. No further defects noted.,c_11,baffle tie rod issue
WKO100221,N319RT,2021-09-09,2021-09-10,7500,Pilot reported intake gasket leak during ground operation.,Corrective action: performed leak check. Leak/run-up check completed as applicable.,c_28,intake gasket leak/damage
WKO100222,N517PA,2022-12-13,2022-12-18,7400,Inspection found baffle rivet missing.,Maintenance action completed: reattached baffle with rivets. Returned to service.,c_7,baffle rivet issue
WKO100223,N450MX,2023-01-11,2023-01-15,7300,Inspection found baffle spring weak.,Performed inspection and installed baffle spring. No further defects noted.,c_10,baffle spring issue
WKO100224,N808VA,2023-01-10,2023-01-14,7100,Inspection found rpm instability.,Removed affected hardware and performed engine run-up. System checked normal.,c_22,engine idle/rpm issue
WKO100225,N808VA,2021-05-15,2021-05-17,7100,Aircraft log notes fuel servo adjustment after previous flight.,Performed inspection and cleaned idle circuit. No further defects noted.,c_22,engine idle/rpm issue
WKO100226,N204AF,2024-03-23,2024-03-23,7500,Aircraft log notes baffle spring weak after previous flight.,Removed affected hardware and reattached spring to baffle. System checked normal.,c_10,baffle spring issue
WKO100227,N319RT,2021-09-20,2021-09-24,7300,Aircraft log notes cover cracked after previous flight.,Removed affected hardware and performed leak check. System checked normal.,c_37,rocker cover loose/leak/damage
WKO100228,N517PA,2021-04-24,2021-04-24,7300,Inspection found broken baffle spring.,Corrective action: replaced broken spring. Leak/run-up check completed as applicable.,c_10,baffle spring issue
WKO100229,N204AF,2022-04-07,2022-04-09,7400,Inspection found baffle panel rivets.,Removed affected hardware and repaired rivet holes. System checked normal.,c_7,baffle rivet issue
WKO100230,N204AF,2021-09-14,2021-09-19,7100,Inspection found oil seep near rocker cover.,Removed affected hardware and performed leak check. System checked normal.,c_37,rocker cover loose/leak/damage
WKO100231,N603GL,2021-11-12,2021-11-13,7100,Pilot reported tie rod chafing baffle during ground operation.,Technician replaced tie rod hardware. Operational check satisfactory.,c_11,baffle tie rod issue
WKO100232,N450MX,2021-04-04,2021-04-09,7100,Aircraft log notes rpm instability after previous flight.,Removed affected hardware and performed engine run-up. System checked normal.,c_22,engine idle/rpm issue
WKO100233,N517PA,2021-03-04,2021-03-07,7400,Aircraft log notes baffle rivet holes worn after previous flight.,Maintenance action completed: reattached baffle with rivets. Returned to service.,c_7,baffle rivet issue
WKO100234,N102TX,2023-04-12,2023-04-14,7300,Aircraft log notes baffle seal spring after previous flight.,Performed inspection and installed baffle spring. No further defects noted.,c_10,baffle spring issue
WKO100235,N319RT,2023-08-10,2023-08-11,7400,Maintenance discrepancy: damaged baffle bolt.,Corrective action: torqued baffle hardware. Leak/run-up check completed as applicable.,c_2,baffle bolt issue
WKO100236,N204AF,2021-09-25,2021-09-27,7400,Inspection found baffle attach bolt.,Performed inspection and torqued baffle hardware. No further defects noted.,c_2,baffle bolt issue
WKO100237,N204AF,2022-07-02,2022-07-05,7200,Maintenance discrepancy: idle override.,Performed inspection and removed and replaced fuel servo. No further defects noted.,c_22,engine idle/rpm issue
WKO100238,N603GL,2023-05-07,2023-05-08,7300,Inspection found baffle spring weak.,Performed inspection and reattached spring to baffle. No further defects noted.,c_10,baffle spring issue
WKO100239,N102TX,2023-08-15,2023-08-18,7200,Aircraft log notes tie rod disconnected from baffle after previous flight.,Removed affected hardware and adjusted tie rod tension. System checked normal.,c_11,baffle tie rod issue
WKO100240,N102TX,2022-05-09,2022-05-10,7200,Maintenance discrepancy: baffle attach bolt.,Performed inspection and replaced damaged bolt. No further defects noted.,c_2,baffle bolt issue
WKO100241,N204AF,2023-08-22,2023-08-24,7500,Inspection found baffle rod hardware.,Corrective action: replaced baffle tie rod. Leak/run-up check completed as applicable.,c_11,baffle tie rod issue
WKO100242,N711QW,2023-01-20,2023-01-23,7200,Technician observed damaged baffle rivet during run-up check.,Removed affected hardware and installed new rivets. System checked normal.,c_7,baffle rivet issue
WKO100243,N711QW,2023-01-13,2023-01-17,7100,Aircraft log notes rough running due to intake leak after previous flight.,Removed affected hardware and removed and replaced intake gasket. System checked normal.,c_28,intake gasket leak/damage
WKO100244,N603GL,2021-09-01,2021-09-02,7400,Technician observed rocker cover leak during run-up check.,Corrective action: cleaned oil residue. Leak/run-up check completed as applicable.,c_37,rocker cover loose/leak/damage
WKO100245,N711QW,2021-10-23,2021-10-24,7100,Pilot reported broken baffle spring during ground operation.,Technician verified baffle seal tension. Operational check satisfactory.,c_10,baffle spring issue
WKO100246,N808VA,2021-10-08,2021-10-13,7300,Technician observed idle adjustment during run-up check.,Removed affected hardware and verified rpm within limits. System checked normal.,c_22,engine idle/rpm issue
WKO100247,N711QW,2022-11-03,2022-11-07,7100,Maintenance discrepancy: rough running due to intake leak.,Removed affected hardware and resealed intake. System checked normal.,c_28,intake gasket leak/damage
WKO100248,N517PA,2023-11-05,2023-11-09,7500,Pilot reported cover screw loose during ground operation.,Corrective action: cleaned oil residue. Leak/run-up check completed as applicable.,c_37,rocker cover loose/leak/damage
WKO100249,N102TX,2021-08-13,2021-08-16,7100,Aircraft log notes cover screw loose after previous flight.,Corrective action: resealed valve cover. Leak/run-up check completed as applicable.,c_37,rocker cover loose/leak/damage
WKO100250,N808VA,2024-03-30,2024-04-03,7300,Technician observed loose baffle rivet during run-up check.,Removed affected hardware and installed new rivets. System checked normal.,c_7,baffle rivet issue
WKO100251,N102TX,2023-02-18,2023-02-19,7100,Pilot reported spring hardware missing during ground operation.,Maintenance action completed: replaced broken spring. Returned to service.,c_10,baffle spring issue
WKO100252,N711QW,2023-06-23,2023-06-25,7300,Aircraft log notes fuel servo adjustment after previous flight.,Removed affected hardware and removed and replaced fuel servo. System checked normal.,c_22,engine idle/rpm issue
WKO100253,N319RT,2023-08-24,2023-08-29,7100,Inspection found spring hardware missing.,Removed affected hardware and installed baffle spring. System checked normal.,c_10,baffle spring issue
WKO100254,N319RT,2023-09-07,2023-09-11,7500,Technician observed rocker gasket damaged during run-up check.,Corrective action: resealed valve cover. Leak/run-up check completed as applicable.,c_37,rocker cover loose/leak/damage
WKO100255,N808VA,2022-12-27,2023-01-01,7300,Inspection found tie rod chafing baffle.,Corrective action: secured tie rod. Leak/run-up check completed as applicable.,c_11,baffle tie rod issue
WKO100256,N450MX,2022-09-04,2022-09-05,7500,Maintenance discrepancy: tie rod disconnected from baffle.,Performed inspection and secured tie rod. No further defects noted.,c_11,baffle tie rod issue
WKO100257,N204AF,2024-02-22,2024-02-27,7100,Technician observed oil seep near rocker cover during run-up check.,Performed inspection and resealed valve cover. No further defects noted.,c_37,rocker cover loose/leak/damage
WKO100258,N517PA,2022-12-08,2022-12-09,7200,Maintenance discrepancy: damaged baffle bolt.,Performed inspection and installed new baffle bolt. No further defects noted.,c_2,baffle bolt issue
WKO100259,N450MX,2022-06-10,2022-06-15,7100,Maintenance discrepancy: rivet pulled from baffle.,Removed affected hardware and replaced loose baffle rivets. System checked normal.,c_7,baffle rivet issue
WKO100260,N450MX,2022-07-11,2022-07-12,7300,Pilot reported baffle rivet missing during ground operation.,Removed affected hardware and reattached baffle with rivets. System checked normal.,c_7,baffle rivet issue
WKO100261,N603GL,2022-04-22,2022-04-22,7500,Pilot reported intake gasket leak during ground operation.,Maintenance action completed: performed leak check. Returned to service.,c_28,intake gasket leak/damage
WKO100262,N808VA,2024-02-02,2024-02-03,7500,Inspection found fuel servo adjustment.,Corrective action: cleaned idle circuit. Leak/run-up check completed as applicable.,c_22,engine idle/rpm issue
WKO100263,N450MX,2022-08-08,2022-08-13,7100,Pilot reported rocker cover leak during ground operation.,Maintenance action completed: tightened rocker cover. Returned to service.,c_37,rocker cover loose/leak/damage
WKO100264,N319RT,2021-12-27,2021-12-27,7400,Pilot reported bolt securing baffle during ground operation.,Technician secured baffle with correct bolt. Operational check satisfactory.,c_2,baffle bolt issue
WKO100265,N517PA,2024-03-09,2024-03-13,7500,Technician observed rocker cover leak during run-up check.,Removed affected hardware and resealed valve cover. System checked normal.,c_37,rocker cover loose/leak/damage
WKO100266,N450MX,2021-10-02,2021-10-06,7200,Maintenance discrepancy: bolt securing baffle.,Maintenance action completed: replaced damaged bolt. Returned to service.,c_2,baffle bolt issue
WKO100267,N102TX,2023-07-29,2023-08-03,7400,Maintenance discrepancy: damaged baffle rivet.,Removed affected hardware and replaced loose baffle rivets. System checked normal.,c_7,baffle rivet issue
WKO100268,N711QW,2022-01-31,2022-02-01,7100,Maintenance discrepancy: baffle panel rivets.,Technician secured baffle panel. Operational check satisfactory.,c_7,baffle rivet issue
WKO100269,N603GL,2021-07-15,2021-07-16,7300,Pilot reported baffle bolt loose during ground operation.,Corrective action: secured baffle with correct bolt. Leak/run-up check completed as applicable.,c_2,baffle bolt issue
WKO100270,N517PA,2022-04-28,2022-05-01,7100,Technician observed damaged baffle bolt during run-up check.,Technician replaced damaged bolt. Operational check satisfactory.,c_2,baffle bolt issue
WKO100271,N204AF,2023-01-07,2023-01-12,7500,Maintenance discrepancy: valve cover loose.,Maintenance action completed: tightened rocker cover. Returned to service.,c_37,rocker cover loose/leak/damage
WKO100272,N517PA,2023-10-27,2023-11-01,7400,Technician observed damaged baffle bolt during run-up check.,Maintenance action completed: installed new baffle bolt. Returned to service.,c_2,baffle bolt issue
WKO100273,N603GL,2021-10-01,2021-10-04,7500,Technician observed induction leak during run-up check.,Performed inspection and performed leak check. No further defects noted.,c_28,intake gasket leak/damage
WKO100274,N204AF,2024-01-06,2024-01-11,7100,Aircraft log notes baffle spring weak after previous flight.,Removed affected hardware and replaced broken spring. System checked normal.,c_10,baffle spring issue
WKO100275,N102TX,2023-01-11,2023-01-11,7100,Technician observed baffle panel rivets during run-up check.,Maintenance action completed: installed new rivets. Returned to service.,c_7,baffle rivet issue
WKO100276,N808VA,2024-01-05,2024-01-06,7200,Inspection found baffle tie rod loose.,Removed affected hardware and secured tie rod. System checked normal.,c_11,baffle tie rod issue
WKO100277,N808VA,2021-07-06,2021-07-10,7300,Technician observed bolt securing baffle during run-up check.,Performed inspection and installed new baffle bolt. No further defects noted.,c_2,baffle bolt issue
WKO100278,N517PA,2024-02-29,2024-02-29,7200,Aircraft log notes baffle attach bolt after previous flight.,Corrective action: secured baffle with correct bolt. Leak/run-up check completed as applicable.,c_2,baffle bolt issue
WKO100279,N204AF,2021-01-07,2021-01-12,7200,Aircraft log notes baffle spring weak after previous flight.,Corrective action: verified baffle seal tension. Leak/run-up check completed as applicable.,c_10,baffle spring issue
WKO100280,N808VA,2021-05-11,2021-05-15,7200,Maintenance discrepancy: baffle rivet missing.,Performed inspection and installed new rivets. No further defects noted.,c_7,baffle rivet issue
WKO100281,N711QW,2021-10-05,2021-10-10,7400,Aircraft log notes intake flange seep after previous flight.,Performed inspection and verified roughness corrected. No further defects noted.,c_28,intake gasket leak/damage
WKO100282,N319RT,2023-02-13,2023-02-16,7400,Pilot reported baffle spring missing during ground operation.,Maintenance action completed: verified baffle seal tension. Returned to service.,c_10,baffle spring issue
WKO100283,N102TX,2023-03-16,2023-03-20,7200,Maintenance discrepancy: baffle tie rod loose.,Performed inspection and installed missing tie rod. No further defects noted.,c_11,baffle tie rod issue
WKO100284,N450MX,2024-01-21,2024-01-24,7300,Aircraft log notes baffle panel rivets after previous flight.,Corrective action: secured baffle panel. Leak/run-up check completed as applicable.,c_7,baffle rivet issue
WKO100285,N102TX,2022-07-19,2022-07-20,7500,Technician observed intake flange seep during run-up check.,Technician removed and replaced intake gasket. Operational check satisfactory.,c_28,intake gasket leak/damage
WKO100286,N102TX,2022-02-27,2022-02-27,7500,Technician observed intake gasket leak during run-up check.,Technician installed new gasket. Operational check satisfactory.,c_28,intake gasket leak/damage
WKO100287,N450MX,2021-04-01,2021-04-04,7200,Inspection found intake manifold gasket.,Removed affected hardware and resealed intake. System checked normal.,c_28,intake gasket leak/damage
WKO100288,N603GL,2022-04-25,2022-04-30,7300,Maintenance discrepancy: cover screw loose.,Maintenance action completed: resealed valve cover. Returned to service.,c_37,rocker cover loose/leak/damage
WKO100289,N517PA,2023-12-04,2023-12-05,7200,Technician observed rivet pulled from baffle during run-up check.,Removed affected hardware and repaired rivet holes. System checked normal.,c_7,baffle rivet issue
WKO100290,N808VA,2021-12-25,2021-12-30,7200,Maintenance discrepancy: baffle rivet holes worn.,Performed inspection and secured baffle panel. No further defects noted.,c_7,baffle rivet issue
WKO100291,N711QW,2023-12-11,2023-12-13,7300,Maintenance discrepancy: spring hardware missing.,Performed inspection and secured spring hardware. No further defects noted.,c_10,baffle spring issue
WKO100292,N517PA,2024-01-07,2024-01-10,7300,Aircraft log notes induction leak after previous flight.,Technician resealed intake. Operational check satisfactory.,c_28,intake gasket leak/damage
WKO100293,N319RT,2023-04-26,2023-04-29,7500,Inspection found baffle rod hardware.,Corrective action: replaced tie rod hardware. Leak/run-up check completed as applicable.,c_11,baffle tie rod issue
WKO100294,N603GL,2022-11-08,2022-11-13,7200,Technician observed intake gasket leak during run-up check.,Maintenance action completed: performed leak check. Returned to service.,c_28,intake gasket leak/damage
WKO100295,N102TX,2022-07-04,2022-07-07,7200,Inspection found rpm instability.,Removed affected hardware and adjusted throttle linkage. System checked normal.,c_22,engine idle/rpm issue
WKO100296,N603GL,2024-02-19,2024-02-20,7400,Pilot reported rivet pulled from baffle during ground operation.,Maintenance action completed: replaced loose baffle rivets. Returned to service.,c_7,baffle rivet issue
WKO100297,N450MX,2021-08-29,2021-09-03,7500,Inspection found intake manifold gasket.,Removed affected hardware and resealed intake. System checked normal.,c_28,intake gasket leak/damage
WKO100298,N603GL,2022-08-03,2022-08-06,7400,Maintenance discrepancy: rocker gasket damaged.,Corrective action: performed leak check. Leak/run-up check completed as applicable.,c_37,rocker cover loose/leak/damage
WKO100299,N603GL,2023-10-16,2023-10-19,7300,Maintenance discrepancy: baffle tie rod missing.,Corrective action: adjusted tie rod tension. Leak/run-up check completed as applicable.,c_11,baffle tie rod issue
WKO100300,N102TX,2021-04-04,2021-04-08,7400,Technician observed baffle bolt loose during run-up check.,Removed affected hardware and tightened baffle bolt. System checked normal.,c_2,baffle bolt issue
WKO100301,N603GL,2023-05-06,2023-05-08,7300,Aircraft log notes baffle tie rod loose after previous flight.,Removed affected hardware and installed missing tie rod. System checked normal.,c_11,baffle tie rod issue
WKO100302,N517PA,2022-05-19,2022-05-22,7500,Aircraft log notes broken baffle spring after previous flight.,Performed inspection and reattached spring to baffle. No further defects noted.,c_10,baffle spring issue
WKO100303,N808VA,2022-12-23,2022-12-24,7300,Technician observed induction leak during run-up check.,Technician verified roughness corrected. Operational check satisfactory.,c_28,intake gasket leak/damage
WKO100304,N102TX,2021-03-11,2021-03-11,7500,Inspection found tie rod chafing baffle.,Maintenance action completed: replaced baffle tie rod. Returned to service.,c_11,baffle tie rod issue
WKO100305,N808VA,2021-11-06,2021-11-06,7400,Pilot reported idle override during ground operation.,Removed affected hardware and adjusted throttle linkage. System checked normal.,c_22,engine idle/rpm issue
WKO100306,N102TX,2023-09-17,2023-09-22,7100,Technician observed rivet pulled from baffle during run-up check.,Performed inspection and installed new rivets. No further defects noted.,c_7,baffle rivet issue
WKO100307,N517PA,2021-02-04,2021-02-08,7200,Technician observed engine dies at idle during run-up check.,Performed inspection and adjusted throttle linkage. No further defects noted.,c_22,engine idle/rpm issue
WKO100308,N319RT,2022-01-03,2022-01-03,7300,Inspection found baffle spring missing.,Removed affected hardware and verified baffle seal tension. System checked normal.,c_10,baffle spring issue
WKO100309,N204AF,2022-06-01,2022-06-03,7400,Aircraft log notes tie rod disconnected from baffle after previous flight.,Performed inspection and adjusted tie rod tension. No further defects noted.,c_11,baffle tie rod issue
WKO100310,N204AF,2022-05-14,2022-05-19,7200,Pilot reported baffle tie rod loose during ground operation.,Performed inspection and secured tie rod. No further defects noted.,c_11,baffle tie rod issue
WKO100311,N102TX,2023-02-12,2023-02-16,7300,Pilot reported bolt securing baffle during ground operation.,Performed inspection and installed new baffle bolt. No further defects noted.,c_2,baffle bolt issue
WKO100312,N204AF,2023-06-08,2023-06-13,7100,Pilot reported spring detached from baffle during ground operation.,Maintenance action completed: verified baffle seal tension. Returned to service.,c_10,baffle spring issue
WKO100313,N204AF,2024-03-06,2024-03-09,7400,Technician observed rough running due to intake leak during run-up check.,Removed affected hardware and removed and replaced intake gasket. System checked normal.,c_28,intake gasket leak/damage
WKO100314,N450MX,2021-03-09,2021-03-10,7100,Inspection found damaged baffle rivet.,Performed inspection and installed new rivets. No further defects noted.,c_7,baffle rivet issue
WKO100315,N711QW,2022-09-05,2022-09-06,7100,Maintenance discrepancy: rpm instability.,Performed inspection and removed and replaced fuel servo. No further defects noted.,c_22,engine idle/rpm issue
WKO100316,N603GL,2021-10-14,2021-10-19,7200,Pilot reported spring hardware missing during ground operation.,Performed inspection and installed baffle spring. No further defects noted.,c_10,baffle spring issue
WKO100317,N711QW,2021-06-05,2021-06-07,7400,Pilot reported air leak near intake during ground operation.,Corrective action: installed new gasket. Leak/run-up check completed as applicable.,c_28,intake gasket leak/damage
WKO100318,N711QW,2023-07-12,2023-07-15,7500,Inspection found baffle spring weak.,Removed affected hardware and reattached spring to baffle. System checked normal.,c_10,baffle spring issue
WKO100319,N450MX,2023-02-18,2023-02-18,7200,Pilot reported baffle panel rivets during ground operation.,Corrective action: repaired rivet holes. Leak/run-up check completed as applicable.,c_7,baffle rivet issue
WKO100320,N711QW,2023-02-18,2023-02-23,7400,Maintenance discrepancy: intake flange seep.,Technician resealed intake. Operational check satisfactory.,c_28,intake gasket leak/damage
WKO100321,N517PA,2021-01-11,2021-01-13,7200,Inspection found run-up normal.,Technician performed engine run-up. Operational check satisfactory.,c_22,engine idle/rpm issue
WKO100322,N711QW,2023-06-02,2023-06-05,7200,Pilot reported air leak near intake during ground operation.,Technician installed new gasket. Operational check satisfactory.,c_28,intake gasket leak/damage
WKO100323,N603GL,2024-02-10,2024-02-10,7500,Pilot reported cover screw loose during ground operation.,Corrective action: performed leak check. Leak/run-up check completed as applicable.,c_37,rocker cover loose/leak/damage
WKO100324,N450MX,2023-03-06,2023-03-06,7100,Technician observed baffle hardware bolt during run-up check.,Maintenance action completed: torqued baffle hardware. Returned to service.,c_2,baffle bolt issue
WKO100325,N517PA,2023-02-19,2023-02-20,7400,Aircraft log notes loose baffle rivet after previous flight.,Maintenance action completed: repaired rivet holes. Returned to service.,c_7,baffle rivet issue
WKO100326,N517PA,2021-12-09,2021-12-12,7500,Pilot reported engine dies at idle during ground operation.,Corrective action: verified rpm within limits. Leak/run-up check completed as applicable.,c_22,engine idle/rpm issue
WKO100327,N450MX,2022-05-21,2022-05-26,7500,Pilot reported cover cracked during ground operation.,Maintenance action completed: cleaned oil residue. Returned to service.,c_37,rocker cover loose/leak/damage
WKO100328,N711QW,2021-01-14,2021-01-17,7400,Aircraft log notes oil seep near rocker cover after previous flight.,Corrective action: performed leak check. Leak/run-up check completed as applicable.,c_37,rocker cover loose/leak/damage
WKO100329,N450MX,2021-10-06,2021-10-08,7500,Maintenance discrepancy: damaged baffle bolt.,Maintenance action completed: torqued baffle hardware. Returned to service.,c_2,baffle bolt issue
WKO100330,N450MX,2022-10-16,2022-10-18,7400,Aircraft log notes baffle hardware bolt after previous flight.,Corrective action: secured baffle with correct bolt. Leak/run-up check completed as applicable.,c_2,baffle bolt issue
WKO100331,N450MX,2023-03-16,2023-03-18,7100,Technician observed baffle spring missing during run-up check.,Maintenance action completed: verified baffle seal tension. Returned to service.,c_10,baffle spring issue
WKO100332,N450MX,2024-02-01,2024-02-01,7500,Maintenance discrepancy: baffle rivet holes worn.,Technician secured baffle panel. Operational check satisfactory.,c_7,baffle rivet issue
WKO100333,N517PA,2023-04-18,2023-04-23,7300,Maintenance discrepancy: baffle seal spring.,Maintenance action completed: replaced broken spring. Returned to service.,c_10,baffle spring issue
WKO100334,N808VA,2023-05-17,2023-05-20,7100,Aircraft log notes baffle rivet missing after previous flight.,Removed affected hardware and secured baffle panel. System checked normal.,c_7,baffle rivet issue
WKO100335,N204AF,2023-05-07,2023-05-11,7200,Inspection found baffle tie rod missing.,Corrective action: secured tie rod. Leak/run-up check completed as applicable.,c_11,baffle tie rod issue
WKO100336,N711QW,2021-04-01,2021-04-05,7400,Aircraft log notes intake flange seep after previous flight.,Technician verified roughness corrected. Operational check satisfactory.,c_28,intake gasket leak/damage
WKO100337,N450MX,2021-07-21,2021-07-23,7500,Maintenance discrepancy: idle override.,Performed inspection and adjusted throttle linkage. No further defects noted.,c_22,engine idle/rpm issue
WKO100338,N808VA,2023-10-22,2023-10-23,7200,Maintenance discrepancy: damaged baffle bolt.,Performed inspection and installed new baffle bolt. No further defects noted.,c_2,baffle bolt issue
WKO100339,N517PA,2021-08-26,2021-08-31,7400,Aircraft log notes high rpm after previous flight.,Maintenance action completed: performed engine run-up. Returned to service.,c_22,engine idle/rpm issue
WKO100340,N808VA,2023-09-17,2023-09-19,7500,Maintenance discrepancy: damaged baffle tie rod.,Technician replaced baffle tie rod. Operational check satisfactory.,c_11,baffle tie rod issue
WKO100341,N603GL,2021-04-02,2021-04-07,7200,Inspection found rocker cover leak.,Maintenance action completed: tightened rocker cover. Returned to service.,c_37,rocker cover loose/leak/damage
WKO100342,N711QW,2021-12-24,2021-12-28,7500,Inspection found baffle tie rod loose.,Performed inspection and secured tie rod. No further defects noted.,c_11,baffle tie rod issue
WKO100343,N711QW,2022-01-13,2022-01-14,7200,Technician observed baffle rivet holes worn during run-up check.,Maintenance action completed: secured baffle panel. Returned to service.,c_7,baffle rivet issue
WKO100344,N450MX,2023-05-30,2023-06-02,7400,Pilot reported baffle bolt missing during ground operation.,Removed affected hardware and tightened baffle bolt. System checked normal.,c_2,baffle bolt issue
WKO100345,N450MX,2024-01-05,2024-01-06,7500,Pilot reported idle adjustment during ground operation.,Corrective action: performed engine run-up. Leak/run-up check completed as applicable.,c_22,engine idle/rpm issue
WKO100346,N711QW,2023-09-30,2023-10-04,7100,Aircraft log notes baffle rivet holes worn after previous flight.,Removed affected hardware and repaired rivet holes. System checked normal.,c_7,baffle rivet issue
WKO100347,N319RT,2022-12-14,2022-12-16,7400,Technician observed run-up normal during run-up check.,Removed affected hardware and adjusted throttle linkage. System checked normal.,c_22,engine idle/rpm issue
WKO100348,N517PA,2021-10-02,2021-10-04,7200,Inspection found low rpm.,Corrective action: removed and replaced fuel servo. Leak/run-up check completed as applicable.,c_22,engine idle/rpm issue
WKO100349,N319RT,2021-10-17,2021-10-21,7100,Aircraft log notes rivet pulled from baffle after previous flight.,Performed inspection and secured baffle panel. No further defects noted.,c_7,baffle rivet issue
WKO100350,N319RT,2023-09-24,2023-09-29,7100,Inspection found air leak near intake.,Performed inspection and verified roughness corrected. No further defects noted.,c_28,intake gasket leak/damage
WKO100351,N102TX,2021-10-15,2021-10-16,7400,Pilot reported oil seep near rocker cover during ground operation.,Performed inspection and cleaned oil residue. No further defects noted.,c_37,rocker cover loose/leak/damage
WKO100352,N808VA,2022-02-04,2022-02-07,7500,Aircraft log notes air leak near intake after previous flight.,Performed inspection and installed new gasket. No further defects noted.,c_28,intake gasket leak/damage
WKO100353,N102TX,2023-06-29,2023-07-02,7300,Maintenance discrepancy: loose baffle rivet.,Technician installed new rivets. Operational check satisfactory.,c_7,baffle rivet issue
WKO100354,N808VA,2022-04-06,2022-04-10,7100,Aircraft log notes oil seep near rocker cover after previous flight.,Removed affected hardware and replaced rocker cover gasket. System checked normal.,c_37,rocker cover loose/leak/damage
WKO100355,N603GL,2021-08-20,2021-08-24,7100,Pilot reported baffle tie rod missing during ground operation.,Performed inspection and secured tie rod. No further defects noted.,c_11,baffle tie rod issue
WKO100356,N517PA,2022-03-24,2022-03-27,7200,Aircraft log notes baffle tie rod missing after previous flight.,Corrective action: installed missing tie rod. Leak/run-up check completed as applicable.,c_11,baffle tie rod issue
WKO100357,N450MX,2021-06-28,2021-07-01,7100,Maintenance discrepancy: rocker cover leak.,Removed affected hardware and replaced rocker cover gasket. System checked normal.,c_37,rocker cover loose/leak/damage
WKO100358,N450MX,2023-05-27,2023-05-28,7300,Pilot reported baffle panel rivets during ground operation.,Removed affected hardware and replaced loose baffle rivets. System checked normal.,c_7,baffle rivet issue
WKO100359,N319RT,2023-12-27,2023-12-29,7400,Maintenance discrepancy: cover screw loose.,Corrective action: performed leak check. Leak/run-up check completed as applicable.,c_37,rocker cover loose/leak/damage
WKO100360,N319RT,2022-07-02,2022-07-06,7500,Pilot reported tie rod chafing baffle during ground operation.,Corrective action: replaced baffle tie rod. Leak/run-up check completed as applicable.,c_11,baffle tie rod issue
WKO100361,N319RT,2021-09-17,2021-09-22,7400,Inspection found baffle spring weak.,Performed inspection and replaced broken spring. No further defects noted.,c_10,baffle spring issue
WKO100362,N711QW,2021-10-19,2021-10-23,7500,Aircraft log notes baffle hardware bolt after previous flight.,Technician replaced damaged bolt. Operational check satisfactory.,c_2,baffle bolt issue
WKO100363,N603GL,2021-07-10,2021-07-13,7500,Aircraft log notes baffle panel rivets after previous flight.,Corrective action: repaired rivet holes. Leak/run-up check completed as applicable.,c_7,baffle rivet issue
WKO100364,N603GL,2021-01-06,2021-01-11,7200,Technician observed baffle tie rod missing during run-up check.,Performed inspection and adjusted tie rod tension. No further defects noted.,c_11,baffle tie rod issue
WKO100365,N603GL,2023-05-30,2023-05-31,7400,Maintenance discrepancy: intake manifold gasket.,Removed affected hardware and torqued intake flange. System checked normal.,c_28,intake gasket leak/damage
WKO100366,N102TX,2021-09-25,2021-09-29,7200,Pilot reported damaged baffle tie rod during ground operation.,Performed inspection and secured tie rod. No further defects noted.,c_11,baffle tie rod issue
WKO100367,N102TX,2021-09-12,2021-09-13,7500,Inspection found run-up normal.,Maintenance action completed: verified rpm within limits. Returned to service.,c_22,engine idle/rpm issue
WKO100368,N603GL,2022-09-11,2022-09-12,7400,Pilot reported damaged baffle rivet during ground operation.,Corrective action: installed new rivets. Leak/run-up check completed as applicable.,c_7,baffle rivet issue
WKO100369,N450MX,2021-12-05,2021-12-05,7500,Pilot reported rivet pulled from baffle during ground operation.,Technician repaired rivet holes. Operational check satisfactory.,c_7,baffle rivet issue
WKO100370,N450MX,2022-03-14,2022-03-17,7100,Aircraft log notes low rpm after previous flight.,Technician removed and replaced fuel servo. Operational check satisfactory.,c_22,engine idle/rpm issue
WKO100371,N319RT,2022-12-05,2022-12-05,7500,Pilot reported fuel servo adjustment during ground operation.,Maintenance action completed: cleaned idle circuit. Returned to service.,c_22,engine idle/rpm issue
WKO100372,N603GL,2021-07-02,2021-07-07,7400,Maintenance discrepancy: baffle bolt missing.,Maintenance action completed: installed new baffle bolt. Returned to service.,c_2,baffle bolt issue
WKO100373,N204AF,2021-09-30,2021-10-05,7100,Technician observed baffle hardware bolt during run-up check.,Technician tightened baffle bolt. Operational check satisfactory.,c_2,baffle bolt issue
WKO100374,N319RT,2021-12-03,2021-12-06,7500,Technician observed tie rod disconnected from baffle during run-up check.,Performed inspection and installed missing tie rod. No further defects noted.,c_11,baffle tie rod issue
WKO100375,N204AF,2022-03-21,2022-03-21,7100,Aircraft log notes baffle spring missing after previous flight.,Corrective action: replaced broken spring. Leak/run-up check completed as applicable.,c_10,baffle spring issue
WKO100376,N204AF,2022-10-07,2022-10-08,7300,Technician observed baffle bolt loose during run-up check.,Removed affected hardware and replaced damaged bolt. System checked normal.,c_2,baffle bolt issue
WKO100377,N450MX,2022-08-07,2022-08-12,7100,Technician observed baffle tie rod missing during run-up check.,Removed affected hardware and secured tie rod. System checked normal.,c_11,baffle tie rod issue
WKO100378,N450MX,2023-03-14,2023-03-16,7500,Aircraft log notes intake flange seep after previous flight.,Technician removed and replaced intake gasket. Operational check satisfactory.,c_28,intake gasket leak/damage
WKO100379,N102TX,2023-10-21,2023-10-26,7400,Maintenance discrepancy: air leak near intake.,Maintenance action completed: removed and replaced intake gasket. Returned to service.,c_28,intake gasket leak/damage
WKO100380,N319RT,2024-03-10,2024-03-13,7500,Pilot reported damaged baffle bolt during ground operation.,Technician torqued baffle hardware. Operational check satisfactory.,c_2,baffle bolt issue
WKO100381,N102TX,2021-05-19,2021-05-19,7200,Aircraft log notes tie rod disconnected from baffle after previous flight.,Removed affected hardware and installed missing tie rod. System checked normal.,c_11,baffle tie rod issue
WKO100382,N711QW,2023-10-24,2023-10-27,7200,Technician observed rocker gasket damaged during run-up check.,Removed affected hardware and replaced damaged cover. System checked normal.,c_37,rocker cover loose/leak/damage
WKO100383,N204AF,2021-11-09,2021-11-11,7100,Inspection found baffle tie rod missing.,Maintenance action completed: secured tie rod. Returned to service.,c_11,baffle tie rod issue
WKO100384,N517PA,2022-11-01,2022-11-04,7500,Inspection found baffle rod hardware.,Technician replaced baffle tie rod. Operational check satisfactory.,c_11,baffle tie rod issue
WKO100385,N102TX,2021-06-26,2021-06-29,7400,Inspection found intake gasket leak.,Technician performed leak check. Operational check satisfactory.,c_28,intake gasket leak/damage
WKO100386,N808VA,2021-10-09,2021-10-14,7400,Technician observed rough idle during run-up check.,Removed affected hardware and removed and replaced fuel servo. System checked normal.,c_22,engine idle/rpm issue
WKO100387,N517PA,2022-06-15,2022-06-16,7200,Pilot reported spring detached from baffle during ground operation.,Corrective action: replaced broken spring. Leak/run-up check completed as applicable.,c_10,baffle spring issue
WKO100388,N517PA,2023-05-30,2023-06-01,7100,Pilot reported broken baffle spring during ground operation.,Performed inspection and installed baffle spring. No further defects noted.,c_10,baffle spring issue
WKO100389,N319RT,2023-11-13,2023-11-15,7400,Inspection found baffle bolt missing.,Corrective action: secured baffle with correct bolt. Leak/run-up check completed as applicable.,c_2,baffle bolt issue
WKO100390,N450MX,2021-07-30,2021-08-03,7100,Pilot reported spring hardware missing during ground operation.,Technician installed baffle spring. Operational check satisfactory.,c_10,baffle spring issue
WKO100391,N603GL,2021-01-26,2021-01-27,7500,Inspection found baffle spring missing.,Maintenance action completed: secured spring hardware. Returned to service.,c_10,baffle spring issue
WKO100392,N450MX,2021-03-14,2021-03-18,7400,Inspection found spring hardware missing.,Performed inspection and secured spring hardware. No further defects noted.,c_10,baffle spring issue
WKO100393,N603GL,2022-10-18,2022-10-20,7200,Technician observed baffle rivet missing during run-up check.,Technician reattached baffle with rivets. Operational check satisfactory.,c_7,baffle rivet issue
WKO100394,N204AF,2022-04-03,2022-04-07,7500,Maintenance discrepancy: intake gasket leak.,Corrective action: performed leak check. Leak/run-up check completed as applicable.,c_28,intake gasket leak/damage
WKO100395,N603GL,2021-06-26,2021-06-30,7300,Maintenance discrepancy: rocker gasket damaged.,Removed affected hardware and tightened rocker cover. System checked normal.,c_37,rocker cover loose/leak/damage
WKO100396,N808VA,2022-09-15,2022-09-20,7400,Technician observed broken baffle spring during run-up check.,Performed inspection and replaced broken spring. No further defects noted.,c_10,baffle spring issue
WKO100397,N319RT,2022-02-05,2022-02-10,7200,Aircraft log notes broken baffle spring after previous flight.,Technician replaced broken spring. Operational check satisfactory.,c_10,baffle spring issue
WKO100398,N102TX,2024-01-15,2024-01-17,7400,Pilot reported intake flange seep during ground operation.,Performed inspection and verified roughness corrected. No further defects noted.,c_28,intake gasket leak/damage
WKO100399,N450MX,2022-09-22,2022-09-22,7500,Aircraft log notes baffle spring weak after previous flight.,Technician verified baffle seal tension. Operational check satisfactory.,c_10,baffle spring issue
WKO100400,N711QW,2022-07-28,2022-07-28,7400,Aircraft log notes intake gasket leak after previous flight.,Technician resealed intake. Operational check satisfactory.,c_28,intake gasket leak/damage
WKO100401,N204AF,2021-07-15,2021-07-19,7100,Technician observed baffle tie rod loose during run-up check.,Technician adjusted tie rod tension. Operational check satisfactory.,c_11,baffle tie rod issue
WKO100402,N603GL,2021-09-25,2021-09-26,7500,Maintenance discrepancy: damaged baffle bolt.,Corrective action: replaced damaged bolt. Leak/run-up check completed as applicable.,c_2,baffle bolt issue
WKO100403,N319RT,2022-07-11,2022-07-12,7100,Pilot reported baffle bolt missing during ground operation.,Maintenance action completed: tightened baffle bolt. Returned to service.,c_2,baffle bolt issue
WKO100404,N711QW,2021-12-03,2021-12-06,7200,Technician observed run-up normal during run-up check.,Corrective action: performed engine run-up. Leak/run-up check completed as applicable.,c_22,engine idle/rpm issue
WKO100405,N517PA,2022-03-02,2022-03-05,7200,Pilot reported spring detached from baffle during ground operation.,Maintenance action completed: secured spring hardware. Returned to service.,c_10,baffle spring issue
WKO100406,N102TX,2022-09-16,2022-09-21,7300,Maintenance discrepancy: spring hardware missing.,Maintenance action completed: verified baffle seal tension. Returned to service.,c_10,baffle spring issue
WKO100407,N102TX,2022-05-24,2022-05-26,7400,Maintenance discrepancy: fuel servo adjustment.,Maintenance action completed: adjusted throttle linkage. Returned to service.,c_22,engine idle/rpm issue
WKO100408,N450MX,2023-04-09,2023-04-12,7200,Aircraft log notes throttle idle stop after previous flight.,Technician cleaned idle circuit. Operational check satisfactory.,c_22,engine idle/rpm issue
WKO100409,N450MX,2021-10-14,2021-10-14,7300,Inspection found baffle spring missing.,Performed inspection and installed baffle spring. No further defects noted.,c_10,baffle spring issue
WKO100410,N204AF,2021-06-22,2021-06-26,7200,Pilot reported cover screw loose during ground operation.,Maintenance action completed: resealed valve cover. Returned to service.,c_37,rocker cover loose/leak/damage
WKO100411,N204AF,2023-06-28,2023-06-29,7200,Aircraft log notes baffle rivet missing after previous flight.,Technician repaired rivet holes. Operational check satisfactory.,c_7,baffle rivet issue
WKO100412,N808VA,2024-03-21,2024-03-24,7200,Aircraft log notes intake flange seep after previous flight.,Performed inspection and performed leak check. No further defects noted.,c_28,intake gasket leak/damage
WKO100413,N517PA,2022-12-26,2022-12-27,7500,Inspection found induction leak.,Technician torqued intake flange. Operational check satisfactory.,c_28,intake gasket leak/damage
WKO100414,N711QW,2022-05-19,2022-05-24,7100,Aircraft log notes tie rod disconnected from baffle after previous flight.,Technician adjusted tie rod tension. Operational check satisfactory.,c_11,baffle tie rod issue
WKO100415,N450MX,2022-07-27,2022-07-30,7100,Inspection found high rpm.,Removed affected hardware and verified rpm within limits. System checked normal.,c_22,engine idle/rpm issue
WKO100416,N808VA,2021-02-09,2021-02-12,7100,Aircraft log notes spring hardware missing after previous flight.,Corrective action: reattached spring to baffle. Leak/run-up check completed as applicable.,c_10,baffle spring issue
WKO100417,N319RT,2023-10-26,2023-10-28,7200,Maintenance discrepancy: damaged baffle tie rod.,Removed affected hardware and secured tie rod. System checked normal.,c_11,baffle tie rod issue
WKO100418,N603GL,2021-03-02,2021-03-04,7100,Inspection found intake gasket leak.,Maintenance action completed: performed leak check. Returned to service.,c_28,intake gasket leak/damage
WKO100419,N102TX,2022-05-23,2022-05-28,7300,Technician observed idle override during run-up check.,Performed inspection and performed engine run-up. No further defects noted.,c_22,engine idle/rpm issue
WKO100420,N603GL,2021-12-22,2021-12-23,7400,Technician observed valve cover loose during run-up check.,Technician performed leak check. Operational check satisfactory.,c_37,rocker cover loose/leak/damage
WKO100421,N450MX,2022-12-22,2022-12-26,7500,Technician observed baffle panel rivets during run-up check.,Corrective action: replaced loose baffle rivets. Leak/run-up check completed as applicable.,c_7,baffle rivet issue
WKO100422,N450MX,2023-10-02,2023-10-02,7100,Inspection found intake gasket leak.,Technician removed and replaced intake gasket. Operational check satisfactory.,c_28,intake gasket leak/damage
WKO100423,N450MX,2023-09-06,2023-09-06,7300,Maintenance discrepancy: tie rod disconnected from baffle.,Maintenance action completed: replaced tie rod hardware. Returned to service.,c_11,baffle tie rod issue
WKO100424,N319RT,2022-10-25,2022-10-25,7200,Technician observed baffle spring missing during run-up check.,Corrective action: replaced broken spring. Leak/run-up check completed as applicable.,c_10,baffle spring issue
WKO100425,N204AF,2023-02-05,2023-02-10,7400,Maintenance discrepancy: fuel servo adjustment.,Corrective action: adjusted throttle linkage. Leak/run-up check completed as applicable.,c_22,engine idle/rpm issue
WKO100426,N808VA,2021-11-19,2021-11-24,7400,Inspection found intake manifold gasket.,Removed affected hardware and verified roughness corrected. System checked normal.,c_28,intake gasket leak/damage
WKO100427,N319RT,2023-01-01,2023-01-02,7500,Maintenance discrepancy: baffle rivet holes worn.,Corrective action: reattached baffle with rivets. Leak/run-up check completed as applicable.,c_7,baffle rivet issue
WKO100428,N711QW,2021-12-30,2022-01-04,7100,Pilot reported intake gasket leak during ground operation.,Maintenance action completed: verified roughness corrected. Returned to service.,c_28,intake gasket leak/damage
WKO100429,N204AF,2022-10-14,2022-10-18,7500,Inspection found baffle tie rod loose.,Corrective action: replaced tie rod hardware. Leak/run-up check completed as applicable.,c_11,baffle tie rod issue
WKO100430,N319RT,2021-06-09,2021-06-10,7200,Maintenance discrepancy: damaged baffle rivet.,Performed inspection and repaired rivet holes. No further defects noted.,c_7,baffle rivet issue
WKO100431,N204AF,2022-06-28,2022-06-29,7400,Maintenance discrepancy: idle override.,Technician cleaned idle circuit. Operational check satisfactory.,c_22,engine idle/rpm issue
WKO100432,N711QW,2021-01-03,2021-01-03,7300,Aircraft log notes rivet pulled from baffle after previous flight.,Performed inspection and secured baffle panel. No further defects noted.,c_7,baffle rivet issue
WKO100433,N808VA,2022-12-21,2022-12-25,7100,Inspection found bolt securing baffle.,Maintenance action completed: installed new baffle bolt. Returned to service.,c_2,baffle bolt issue
WKO100434,N603GL,2021-05-31,2021-05-31,7400,Pilot reported damaged baffle bolt during ground operation.,Technician installed new baffle bolt. Operational check satisfactory.,c_2,baffle bolt issue
WKO100435,N204AF,2021-12-15,2021-12-18,7100,Pilot reported valve cover loose during ground operation.,Corrective action: replaced damaged cover. Leak/run-up check completed as applicable.,c_37,rocker cover loose/leak/damage
WKO100436,N319RT,2023-09-16,2023-09-21,7100,Aircraft log notes baffle tie rod missing after previous flight.,Maintenance action completed: adjusted tie rod tension. Returned to service.,c_11,baffle tie rod issue
WKO100437,N711QW,2021-07-27,2021-07-29,7100,Technician observed idle override during run-up check.,Corrective action: removed and replaced fuel servo. Leak/run-up check completed as applicable.,c_22,engine idle/rpm issue
WKO100438,N102TX,2022-07-31,2022-08-02,7500,Technician observed loose baffle rivet during run-up check.,Removed affected hardware and installed new rivets. System checked normal.,c_7,baffle rivet issue
WKO100439,N102TX,2023-10-03,2023-10-04,7500,Pilot reported baffle spring missing during ground operation.,Corrective action: reattached spring to baffle. Leak/run-up check completed as applicable.,c_10,baffle spring issue
WKO100440,N450MX,2023-09-11,2023-09-12,7300,Maintenance discrepancy: baffle spring missing.,Technician installed baffle spring. Operational check satisfactory.,c_10,baffle spring issue
WKO100441,N808VA,2021-08-25,2021-08-27,7400,Pilot reported bolt securing baffle during ground operation.,Removed affected hardware and secured baffle with correct bolt. System checked normal.,c_2,baffle bolt issue
WKO100442,N319RT,2022-01-14,2022-01-16,7500,Pilot reported bolt securing baffle during ground operation.,Corrective action: replaced damaged bolt. Leak/run-up check completed as applicable.,c_2,baffle bolt issue
WKO100443,N102TX,2023-08-11,2023-08-13,7300,Pilot reported baffle bolt loose during ground operation.,Technician replaced damaged bolt. Operational check satisfactory.,c_2,baffle bolt issue
WKO100444,N450MX,2022-12-06,2022-12-10,7100,Pilot reported rivet pulled from baffle during ground operation.,Performed inspection and reattached baffle with rivets. No further defects noted.,c_7,baffle rivet issue
WKO100445,N450MX,2023-12-07,2023-12-10,7500,Maintenance discrepancy: broken baffle spring.,Technician secured spring hardware. Operational check satisfactory.,c_10,baffle spring issue
WKO100446,N319RT,2021-03-13,2021-03-17,7200,Aircraft log notes baffle attach bolt after previous flight.,Maintenance action completed: torqued baffle hardware. Returned to service.,c_2,baffle bolt issue
WKO100447,N711QW,2022-03-10,2022-03-11,7200,Aircraft log notes induction leak after previous flight.,Maintenance action completed: removed and replaced intake gasket. Returned to service.,c_28,intake gasket leak/damage
WKO100448,N204AF,2021-10-30,2021-11-03,7200,Aircraft log notes spring detached from baffle after previous flight.,Removed affected hardware and reattached spring to baffle. System checked normal.,c_10,baffle spring issue
WKO100449,N808VA,2024-02-05,2024-02-07,7200,Technician observed damaged baffle bolt during run-up check.,Removed affected hardware and torqued baffle hardware. System checked normal.,c_2,baffle bolt issue
WKO100450,N319RT,2023-05-10,2023-05-10,7100,Technician observed damaged baffle tie rod during run-up check.,Removed affected hardware and installed missing tie rod. System checked normal.,c_11,baffle tie rod issue
WKO100451,N517PA,2021-07-25,2021-07-25,7100,Maintenance discrepancy: broken baffle spring.,Performed inspection and installed baffle spring. No further defects noted.,c_10,baffle spring issue
WKO100452,N808VA,2023-02-24,2023-03-01,7200,Inspection found rocker gasket damaged.,Corrective action: performed leak check. Leak/run-up check completed as applicable.,c_37,rocker cover loose/leak/damage
WKO100453,N102TX,2021-10-22,2021-10-26,7500,Maintenance discrepancy: baffle attach bolt.,Maintenance action completed: secured baffle with correct bolt. Returned to service.,c_2,baffle bolt issue
WKO100454,N603GL,2023-09-01,2023-09-03,7400,Maintenance discrepancy: idle adjustment.,Corrective action: adjusted idle setting. Leak/run-up check completed as applicable.,c_22,engine idle/rpm issue
WKO100455,N450MX,2023-10-04,2023-10-09,7300,Maintenance discrepancy: spring hardware missing.,Performed inspection and installed baffle spring. No further defects noted.,c_10,baffle spring issue
WKO100456,N204AF,2022-10-20,2022-10-22,7300,Aircraft log notes spring hardware missing after previous flight.,Maintenance action completed: secured spring hardware. Returned to service.,c_10,baffle spring issue
WKO100457,N603GL,2023-04-14,2023-04-19,7200,Technician observed baffle seal spring during run-up check.,Maintenance action completed: verified baffle seal tension. Returned to service.,c_10,baffle spring issue
WKO100458,N319RT,2022-09-30,2022-10-05,7100,Technician observed throttle idle stop during run-up check.,Technician verified rpm within limits. Operational check satisfactory.,c_22,engine idle/rpm issue
WKO100459,N102TX,2022-01-30,2022-01-31,7500,Pilot reported intake gasket leak during ground operation.,Corrective action: resealed intake. Leak/run-up check completed as applicable.,c_28,intake gasket leak/damage
WKO100460,N711QW,2022-02-12,2022-02-14,7200,Pilot reported damaged baffle rivet during ground operation.,Maintenance action completed: secured baffle panel. Returned to service.,c_7,baffle rivet issue
WKO100461,N808VA,2023-09-29,2023-10-03,7100,Technician observed rocker gasket damaged during run-up check.,Corrective action: replaced rocker cover gasket. Leak/run-up check completed as applicable.,c_37,rocker cover loose/leak/damage
WKO100462,N204AF,2021-12-01,2021-12-03,7400,Pilot reported cover cracked during ground operation.,Performed inspection and replaced damaged cover. No further defects noted.,c_37,rocker cover loose/leak/damage
WKO100463,N450MX,2021-11-30,2021-12-04,7300,Maintenance discrepancy: idle override.,Performed inspection and removed and replaced fuel servo. No further defects noted.,c_22,engine idle/rpm issue
WKO100464,N319RT,2021-02-11,2021-02-16,7300,Technician observed baffle tie rod missing during run-up check.,Technician adjusted tie rod tension. Operational check satisfactory.,c_11,baffle tie rod issue
WKO100465,N517PA,2022-06-01,2022-06-05,7500,Aircraft log notes rough running due to intake leak after previous flight.,Corrective action: verified roughness corrected. Leak/run-up check completed as applicable.,c_28,intake gasket leak/damage
WKO100466,N711QW,2022-06-01,2022-06-02,7100,Pilot reported bolt securing baffle during ground operation.,Technician replaced damaged bolt. Operational check satisfactory.,c_2,baffle bolt issue
WKO100467,N517PA,2023-02-06,2023-02-10,7400,Pilot reported tie rod chafing baffle during ground operation.,Performed inspection and replaced tie rod hardware. No further defects noted.,c_11,baffle tie rod issue
WKO100468,N517PA,2022-11-20,2022-11-22,7400,Inspection found idle adjustment.,Maintenance action completed: performed engine run-up. Returned to service.,c_22,engine idle/rpm issue
WKO100469,N603GL,2022-05-08,2022-05-08,7300,Pilot reported baffle rod hardware during ground operation.,Performed inspection and adjusted tie rod tension. No further defects noted.,c_11,baffle tie rod issue
WKO100470,N102TX,2022-06-16,2022-06-19,7100,Technician observed rocker gasket damaged during run-up check.,Maintenance action completed: cleaned oil residue. Returned to service.,c_37,rocker cover loose/leak/damage
WKO100471,N808VA,2022-04-01,2022-04-06,7400,Technician observed cover screw loose during run-up check.,Corrective action: replaced damaged cover. Leak/run-up check completed as applicable.,c_37,rocker cover loose/leak/damage
WKO100472,N517PA,2021-12-15,2021-12-20,7200,Aircraft log notes broken baffle spring after previous flight.,Maintenance action completed: replaced broken spring. Returned to service.,c_10,baffle spring issue
WKO100473,N603GL,2022-06-14,2022-06-19,7200,Inspection found baffle panel rivets.,Corrective action: replaced loose baffle rivets. Leak/run-up check completed as applicable.,c_7,baffle rivet issue
WKO100474,N517PA,2022-09-21,2022-09-24,7100,Maintenance discrepancy: rough running due to intake leak.,Performed inspection and torqued intake flange. No further defects noted.,c_28,intake gasket leak/damage
WKO100475,N204AF,2021-08-30,2021-09-02,7500,Inspection found baffle spring missing.,Removed affected hardware and verified baffle seal tension. System checked normal.,c_10,baffle spring issue
WKO100476,N102TX,2023-02-21,2023-02-25,7300,Inspection found engine dies at idle.,Maintenance action completed: verified rpm within limits. Returned to service.,c_22,engine idle/rpm issue
WKO100477,N603GL,2023-04-19,2023-04-23,7300,Pilot reported rocker gasket damaged during ground operation.,Performed inspection and replaced rocker cover gasket. No further defects noted.,c_37,rocker cover loose/leak/damage
WKO100478,N102TX,2021-12-29,2021-12-31,7500,Maintenance discrepancy: cover cracked.,Maintenance action completed: tightened rocker cover. Returned to service.,c_37,rocker cover loose/leak/damage
WKO100479,N204AF,2021-12-12,2021-12-16,7300,Technician observed baffle spring weak during run-up check.,Performed inspection and secured spring hardware. No further defects noted.,c_10,baffle spring issue
WKO100480,N711QW,2023-05-30,2023-06-02,7200,Pilot reported rivet pulled from baffle during ground operation.,Removed affected hardware and secured baffle panel. System checked normal.,c_7,baffle rivet issue
WKO100481,N450MX,2023-02-04,2023-02-04,7200,Pilot reported rough running due to intake leak during ground operation.,Maintenance action completed: installed new gasket. Returned to service.,c_28,intake gasket leak/damage
WKO100482,N711QW,2022-12-07,2022-12-09,7100,Technician observed induction leak during run-up check.,Corrective action: removed and replaced intake gasket. Leak/run-up check completed as applicable.,c_28,intake gasket leak/damage
WKO100483,N808VA,2021-05-14,2021-05-14,7100,Technician observed rough running due to intake leak during run-up check.,Removed affected hardware and torqued intake flange. System checked normal.,c_28,intake gasket leak/damage
WKO100484,N808VA,2023-06-08,2023-06-13,7400,Inspection found valve cover loose.,Maintenance action completed: resealed valve cover. Returned to service.,c_37,rocker cover loose/leak/damage
WKO100485,N319RT,2023-04-07,2023-04-07,7300,Pilot reported baffle spring weak during ground operation.,Removed affected hardware and replaced broken spring. System checked normal.,c_10,baffle spring issue
WKO100486,N711QW,2021-12-13,2021-12-13,7400,Technician observed tie rod disconnected from baffle during run-up check.,Removed affected hardware and replaced baffle tie rod. System checked normal.,c_11,baffle tie rod issue
WKO100487,N102TX,2021-04-09,2021-04-14,7200,Pilot reported low rpm during ground operation.,Performed inspection and cleaned idle circuit. No further defects noted.,c_22,engine idle/rpm issue
WKO100488,N808VA,2023-02-18,2023-02-18,7300,Inspection found baffle attach bolt.,Technician replaced damaged bolt. Operational check satisfactory.,c_2,baffle bolt issue
WKO100489,N517PA,2023-05-12,2023-05-17,7100,Technician observed rocker cover leak during run-up check.,Maintenance action completed: replaced damaged cover. Returned to service.,c_37,rocker cover loose/leak/damage
WKO100490,N204AF,2021-08-03,2021-08-07,7400,Pilot reported baffle hardware bolt during ground operation.,Technician torqued baffle hardware. Operational check satisfactory.,c_2,baffle bolt issue
WKO100491,N450MX,2022-02-11,2022-02-15,7400,Aircraft log notes baffle bolt loose after previous flight.,Corrective action: replaced damaged bolt. Leak/run-up check completed as applicable.,c_2,baffle bolt issue
WKO100492,N808VA,2021-03-22,2021-03-26,7400,Inspection found intake manifold gasket.,Technician resealed intake. Operational check satisfactory.,c_28,intake gasket leak/damage
WKO100493,N808VA,2021-07-02,2021-07-02,7300,Pilot reported rpm instability during ground operation.,Removed affected hardware and cleaned idle circuit. System checked normal.,c_22,engine idle/rpm issue
WKO100494,N517PA,2021-07-27,2021-07-29,7400,Aircraft log notes idle override after previous flight.,Technician verified rpm within limits. Operational check satisfactory.,c_22,engine idle/rpm issue
WKO100495,N603GL,2021-12-24,2021-12-24,7500,Pilot reported engine dies at idle during ground operation.,Technician performed engine run-up. Operational check satisfactory.,c_22,engine idle/rpm issue
WKO100496,N603GL,2021-04-04,2021-04-04,7400,Aircraft log notes baffle spring weak after previous flight.,Removed affected hardware and replaced broken spring. System checked normal.,c_10,baffle spring issue
WKO100497,N204AF,2021-07-10,2021-07-12,7500,Aircraft log notes oil seep near rocker cover after previous flight.,Performed inspection and replaced rocker cover gasket. No further defects noted.,c_37,rocker cover loose/leak/damage
WKO100498,N319RT,2023-03-01,2023-03-06,7200,Inspection found rocker gasket damaged.,Technician cleaned oil residue. Operational check satisfactory.,c_37,rocker cover loose/leak/damage
WKO100499,N808VA,2021-11-23,2021-11-23,7100,Aircraft log notes baffle seal spring after previous flight.,Maintenance action completed: verified baffle seal tension. Returned to service.,c_10,baffle spring issue
WKO100500,N319RT,2023-02-17,2023-02-19,7500,Aircraft log notes baffle rod hardware after previous flight.,Technician replaced baffle tie rod. Operational check satisfactory.,c_11,baffle tie rod issue
